Date,Votes,Nations
Sun Sep 30 2018 00:00:00 GMT-0700 (Pacific Daylight Time),0,18
Mon Oct 01 2018 00:00:00 GMT-0700 (Pacific Daylight Time),0,18
Tue Oct 02 2018 00:00:00 GMT-0700 (Pacific Daylight Time),0,18
Wed Oct 03 2018 00:00:00 GMT-0700 (Pacific Daylight Time),0,18
Thu Oct 04 2018 00:00:00 GMT-0700 (Pacific Daylight Time),0,18
Fri Oct 05 2018 00:00:00 GMT-0700 (Pacific Daylight Time),0,19
Sat Oct 06 2018 00:00:00 GMT-0700 (Pacific Daylight Time),0,19
Sun Oct 07 2018 00:00:00 GMT-0700 (Pacific Daylight Time),0,19
Mon Oct 08 2018 00:00:00 GMT-0700 (Pacific Daylight Time),0,18
Tue Oct 09 2018 00:00:00 GMT-0700 (Pacific Daylight Time),0,18
Wed Oct 10 2018 00:00:00 GMT-0700 (Pacific Daylight Time),0,18
Thu Oct 11 2018 00:00:00 GMT-0700 (Pacific Daylight Time),0,18
Fri Oct 12 2018 00:00:00 GMT-0700 (Pacific Daylight Time),0,17
Sat Oct 13 2018 00:00:00 GMT-0700 (Pacific Daylight Time),0,17
Sun Oct 14 2018 00:00:00 GMT-0700 (Pacific Daylight Time),0,17
Mon Oct 15 2018 00:00:00 GMT-0700 (Pacific Daylight Time),0,17
Tue Oct 16 2018 00:00:00 GMT-0700 (Pacific Daylight Time),0,18
Wed Oct 17 2018 00:00:00 GMT-0700 (Pacific Daylight Time),0,18
Thu Oct 18 2018 00:00:00 GMT-0700 (Pacific Daylight Time),0,17
Fri Oct 19 2018 00:00:00 GMT-0700 (Pacific Daylight Time),0,17
Sat Oct 20 2018 00:00:00 GMT-0700 (Pacific Daylight Time),0,17
Sun Oct 21 2018 00:00:00 GMT-0700 (Pacific Daylight Time),0,18
Mon Oct 22 2018 00:00:00 GMT-0700 (Pacific Daylight Time),0,18
Tue Oct 23 2018 00:00:00 GMT-0700 (Pacific Daylight Time),0,18
Wed Oct 24 2018 00:00:00 GMT-0700 (Pacific Daylight Time),0,19
Thu Oct 25 2018 00:00:00 GMT-0700 (Pacific Daylight Time),0,18
Fri Oct 26 2018 00:00:00 GMT-0700 (Pacific Daylight Time),0,17
Sat Oct 27 2018 00:00:00 GMT-0700 (Pacific Daylight Time),0,18
Sun Oct 28 2018 00:00:00 GMT-0700 (Pacific Daylight Time),0,18
Mon Oct 29 2018 00:00:00 GMT-0700 (Pacific Daylight Time),0,18
Tue Oct 30 2018 00:00:00 GMT-0700 (Pacific Daylight Time),0,18
Wed Oct 31 2018 00:00:00 GMT-0700 (Pacific Daylight Time),0,18
Thu Nov 01 2018 00:00:00 GMT-0700 (Pacific Daylight Time),0,18
Fri Nov 02 2018 00:00:00 GMT-0700 (Pacific Daylight Time),0,18
Sat Nov 03 2018 00:00:00 GMT-0700 (Pacific Daylight Time),0,18
Sun Nov 04 2018 00:00:00 GMT-0700 (Pacific Daylight Time),0,18
Mon Nov 05 2018 00:00:00 GMT-0800 (Pacific Standard Time),0,18
Tue Nov 06 2018 00:00:00 GMT-0800 (Pacific Standard Time),0,18
Wed Nov 07 2018 00:00:00 GMT-0800 (Pacific Standard Time),0,18
Thu Nov 08 2018 00:00:00 GMT-0800 (Pacific Standard Time),0,18
Fri Nov 09 2018 00:00:00 GMT-0800 (Pacific Standard Time),0,17
Sat Nov 10 2018 00:00:00 GMT-0800 (Pacific Standard Time),0,16
Sun Nov 11 2018 00:00:00 GMT-0800 (Pacific Standard Time),0,16
Mon Nov 12 2018 00:00:00 GMT-0800 (Pacific Standard Time),0,16
Tue Nov 13 2018 00:00:00 GMT-0800 (Pacific Standard Time),0,16
Wed Nov 14 2018 00:00:00 GMT-0800 (Pacific Standard Time),0,16
Thu Nov 15 2018 00:00:00 GMT-0800 (Pacific Standard Time),0,16
Fri Nov 16 2018 00:00:00 GMT-0800 (Pacific Standard Time),0,16
Sat Nov 17 2018 00:00:00 GMT-0800 (Pacific Standard Time),0,16
Sun Nov 18 2018 00:00:00 GMT-0800 (Pacific Standard Time),0,15
Mon Nov 19 2018 00:00:00 GMT-0800 (Pacific Standard Time),0,15
Tue Nov 20 2018 00:00:00 GMT-0800 (Pacific Standard Time),0,15
Wed Nov 21 2018 00:00:00 GMT-0800 (Pacific Standard Time),0,15
Thu Nov 22 2018 00:00:00 GMT-0800 (Pacific Standard Time),0,14
Fri Nov 23 2018 00:00:00 GMT-0800 (Pacific Standard Time),0,14
Sat Nov 24 2018 00:00:00 GMT-0800 (Pacific Standard Time),0,14
Sun Nov 25 2018 00:00:00 GMT-0800 (Pacific Standard Time),0,15
Mon Nov 26 2018 00:00:00 GMT-0800 (Pacific Standard Time),0,15
Tue Nov 27 2018 00:00:00 GMT-0800 (Pacific Standard Time),0,15
Wed Nov 28 2018 00:00:00 GMT-0800 (Pacific Standard Time),0,15
Thu Nov 29 2018 00:00:00 GMT-0800 (Pacific Standard Time),0,15
Fri Nov 30 2018 00:00:00 GMT-0800 (Pacific Standard Time),0,15
Sat Dec 01 2018 00:00:00 GMT-0800 (Pacific Standard Time),0,15
Sun Dec 02 2018 00:00:00 GMT-0800 (Pacific Standard Time),0,15
Mon Dec 03 2018 00:00:00 GMT-0800 (Pacific Standard Time),0,15
Tue Dec 04 2018 00:00:00 GMT-0800 (Pacific Standard Time),0,15
Wed Dec 05 2018 00:00:00 GMT-0800 (Pacific Standard Time),0,15
Thu Dec 06 2018 00:00:00 GMT-0800 (Pacific Standard Time),0,15
Fri Dec 07 2018 00:00:00 GMT-0800 (Pacific Standard Time),0,15
Sat Dec 08 2018 00:00:00 GMT-0800 (Pacific Standard Time),0,15
Sun Dec 09 2018 00:00:00 GMT-0800 (Pacific Standard Time),0,15
Mon Dec 10 2018 00:00:00 GMT-0800 (Pacific Standard Time),0,15
Tue Dec 11 2018 00:00:00 GMT-0800 (Pacific Standard Time),0,15
Wed Dec 12 2018 00:00:00 GMT-0800 (Pacific Standard Time),0,15
Thu Dec 13 2018 00:00:00 GMT-0800 (Pacific Standard Time),0,16
Fri Dec 14 2018 00:00:00 GMT-0800 (Pacific Standard Time),0,16
Sat Dec 15 2018 00:00:00 GMT-0800 (Pacific Standard Time),0,16
Sun Dec 16 2018 00:00:00 GMT-0800 (Pacific Standard Time),0,16
Mon Dec 17 2018 00:00:00 GMT-0800 (Pacific Standard Time),0,16
Tue Dec 18 2018 00:00:00 GMT-0800 (Pacific Standard Time),0,16
Wed Dec 19 2018 00:00:00 GMT-0800 (Pacific Standard Time),0,16
Thu Dec 20 2018 00:00:00 GMT-0800 (Pacific Standard Time),0,16
Fri Dec 21 2018 00:00:00 GMT-0800 (Pacific Standard Time),0,16
Sat Dec 22 2018 00:00:00 GMT-0800 (Pacific Standard Time),0,15
Sun Dec 23 2018 00:00:00 GMT-0800 (Pacific Standard Time),0,15
Mon Dec 24 2018 00:00:00 GMT-0800 (Pacific Standard Time),0,14
Tue Dec 25 2018 00:00:00 GMT-0800 (Pacific Standard Time),0,14
Wed Dec 26 2018 00:00:00 GMT-0800 (Pacific Standard Time),0,14
Thu Dec 27 2018 00:00:00 GMT-0800 (Pacific Standard Time),0,14
Fri Dec 28 2018 00:00:00 GMT-0800 (Pacific Standard Time),0,14
Sat Dec 29 2018 00:00:00 GMT-0800 (Pacific Standard Time),0,14
Sun Dec 30 2018 00:00:00 GMT-0800 (Pacific Standard Time),0,14
Mon Dec 31 2018 00:00:00 GMT-0800 (Pacific Standard Time),0,14
Tue Jan 01 2019 00:00:00 GMT-0800 (Pacific Standard Time),0,14
Wed Jan 02 2019 00:00:00 GMT-0800 (Pacific Standard Time),0,14
Thu Jan 03 2019 00:00:00 GMT-0800 (Pacific Standard Time),0,14
Fri Jan 04 2019 00:00:00 GMT-0800 (Pacific Standard Time),0,14
Sat Jan 05 2019 00:00:00 GMT-0800 (Pacific Standard Time),0,15
Sun Jan 06 2019 00:00:00 GMT-0800 (Pacific Standard Time),0,15
Mon Jan 07 2019 00:00:00 GMT-0800 (Pacific Standard Time),0,15
Tue Jan 08 2019 00:00:00 GMT-0800 (Pacific Standard Time),0,15
Wed Jan 09 2019 00:00:00 GMT-0800 (Pacific Standard Time),0,15
Thu Jan 10 2019 00:00:00 GMT-0800 (Pacific Standard Time),0,15
Fri Jan 11 2019 00:00:00 GMT-0800 (Pacific Standard Time),0,15
Sat Jan 12 2019 00:00:00 GMT-0800 (Pacific Standard Time),0,15
Sun Jan 13 2019 00:00:00 GMT-0800 (Pacific Standard Time),0,14
Mon Jan 14 2019 00:00:00 GMT-0800 (Pacific Standard Time),0,14
Tue Jan 15 2019 00:00:00 GMT-0800 (Pacific Standard Time),0,14
Wed Jan 16 2019 00:00:00 GMT-0800 (Pacific Standard Time),0,14
Thu Jan 17 2019 00:00:00 GMT-0800 (Pacific Standard Time),0,14
Fri Jan 18 2019 00:00:00 GMT-0800 (Pacific Standard Time),0,14
Sat Jan 19 2019 00:00:00 GMT-0800 (Pacific Standard Time),0,14
Sun Jan 20 2019 00:00:00 GMT-0800 (Pacific Standard Time),0,14
Mon Jan 21 2019 00:00:00 GMT-0800 (Pacific Standard Time),0,14
Tue Jan 22 2019 00:00:00 GMT-0800 (Pacific Standard Time),0,14
Wed Jan 23 2019 00:00:00 GMT-0800 (Pacific Standard Time),0,13
Thu Jan 24 2019 00:00:00 GMT-0800 (Pacific Standard Time),0,13
Fri Jan 25 2019 00:00:00 GMT-0800 (Pacific Standard Time),0,13
Sat Jan 26 2019 00:00:00 GMT-0800 (Pacific Standard Time),0,13
Sun Jan 27 2019 00:00:00 GMT-0800 (Pacific Standard Time),0,13
Mon Jan 28 2019 00:00:00 GMT-0800 (Pacific Standard Time),0,13
Tue Jan 29 2019 00:00:00 GMT-0800 (Pacific Standard Time),0,13
Wed Jan 30 2019 00:00:00 GMT-0800 (Pacific Standard Time),0,13
Thu Jan 31 2019 00:00:00 GMT-0800 (Pacific Standard Time),0,13
Fri Feb 01 2019 00:00:00 GMT-0800 (Pacific Standard Time),0,13
Sat Feb 02 2019 00:00:00 GMT-0800 (Pacific Standard Time),0,13
Sun Feb 03 2019 00:00:00 GMT-0800 (Pacific Standard Time),0,13
Mon Feb 04 2019 00:00:00 GMT-0800 (Pacific Standard Time),0,13
Tue Feb 05 2019 00:00:00 GMT-0800 (Pacific Standard Time),0,13
Wed Feb 06 2019 00:00:00 GMT-0800 (Pacific Standard Time),0,13
Thu Feb 07 2019 00:00:00 GMT-0800 (Pacific Standard Time),0,13
Fri Feb 08 2019 00:00:00 GMT-0800 (Pacific Standard Time),0,14
Sat Feb 09 2019 00:00:00 GMT-0800 (Pacific Standard Time),0,14
Sun Feb 10 2019 00:00:00 GMT-0800 (Pacific Standard Time),0,14
Mon Feb 11 2019 00:00:00 GMT-0800 (Pacific Standard Time),0,14
Tue Feb 12 2019 00:00:00 GMT-0800 (Pacific Standard Time),0,14
Wed Feb 13 2019 00:00:00 GMT-0800 (Pacific Standard Time),0,14
Thu Feb 14 2019 00:00:00 GMT-0800 (Pacific Standard Time),0,14
Fri Feb 15 2019 00:00:00 GMT-0800 (Pacific Standard Time),0,15
Sat Feb 16 2019 00:00:00 GMT-0800 (Pacific Standard Time),0,15
Sun Feb 17 2019 00:00:00 GMT-0800 (Pacific Standard Time),0,15
Mon Feb 18 2019 00:00:00 GMT-0800 (Pacific Standard Time),0,15
Tue Feb 19 2019 00:00:00 GMT-0800 (Pacific Standard Time),0,16
Wed Feb 20 2019 00:00:00 GMT-0800 (Pacific Standard Time),0,17
Thu Feb 21 2019 00:00:00 GMT-0800 (Pacific Standard Time),0,17
Fri Feb 22 2019 00:00:00 GMT-0800 (Pacific Standard Time),0,17
Sat Feb 23 2019 00:00:00 GMT-0800 (Pacific Standard Time),0,17
Sun Feb 24 2019 00:00:00 GMT-0800 (Pacific Standard Time),0,18
Mon Feb 25 2019 00:00:00 GMT-0800 (Pacific Standard Time),0,18
Tue Feb 26 2019 00:00:00 GMT-0800 (Pacific Standard Time),0,18
Wed Feb 27 2019 00:00:00 GMT-0800 (Pacific Standard Time),0,18
Thu Feb 28 2019 00:00:00 GMT-0800 (Pacific Standard Time),0,18
Fri Mar 01 2019 00:00:00 GMT-0800 (Pacific Standard Time),0,18
Sat Mar 02 2019 00:00:00 GMT-0800 (Pacific Standard Time),0,18
Sun Mar 03 2019 00:00:00 GMT-0800 (Pacific Standard Time),0,18
Mon Mar 04 2019 00:00:00 GMT-0800 (Pacific Standard Time),0,18
Tue Mar 05 2019 00:00:00 GMT-0800 (Pacific Standard Time),0,18
Wed Mar 06 2019 00:00:00 GMT-0800 (Pacific Standard Time),0,18
Thu Mar 07 2019 00:00:00 GMT-0800 (Pacific Standard Time),0,19
Fri Mar 08 2019 00:00:00 GMT-0800 (Pacific Standard Time),0,19
Sat Mar 09 2019 00:00:00 GMT-0800 (Pacific Standard Time),0,19
Sun Mar 10 2019 00:00:00 GMT-0800 (Pacific Standard Time),0,19
Mon Mar 11 2019 00:00:00 GMT-0700 (Pacific Daylight Time),0,20
Tue Mar 12 2019 00:00:00 GMT-0700 (Pacific Daylight Time),0,20
Wed Mar 13 2019 00:00:00 GMT-0700 (Pacific Daylight Time),0,20
Thu Mar 14 2019 00:00:00 GMT-0700 (Pacific Daylight Time),0,20
Fri Mar 15 2019 00:00:00 GMT-0700 (Pacific Daylight Time),0,20
Sat Mar 16 2019 00:00:00 GMT-0700 (Pacific Daylight Time),0,20
Sun Mar 17 2019 00:00:00 GMT-0700 (Pacific Daylight Time),0,20
Mon Mar 18 2019 00:00:00 GMT-0700 (Pacific Daylight Time),0,20
Tue Mar 19 2019 00:00:00 GMT-0700 (Pacific Daylight Time),0,20
Wed Mar 20 2019 00:00:00 GMT-0700 (Pacific Daylight Time),0,20
Thu Mar 21 2019 00:00:00 GMT-0700 (Pacific Daylight Time),0,20
Fri Mar 22 2019 00:00:00 GMT-0700 (Pacific Daylight Time),0,20
Sat Mar 23 2019 00:00:00 GMT-0700 (Pacific Daylight Time),0,21
Sun Mar 24 2019 00:00:00 GMT-0700 (Pacific Daylight Time),0,20
Mon Mar 25 2019 00:00:00 GMT-0700 (Pacific Daylight Time),0,21
Tue Mar 26 2019 00:00:00 GMT-0700 (Pacific Daylight Time),0,21
Wed Mar 27 2019 00:00:00 GMT-0700 (Pacific Daylight Time),0,21
Thu Mar 28 2019 00:00:00 GMT-0700 (Pacific Daylight Time),0,21
Fri Mar 29 2019 00:00:00 GMT-0700 (Pacific Daylight Time),0,21
Sat Mar 30 2019 00:00:00 GMT-0700 (Pacific Daylight Time),0,21
Sun Mar 31 2019 00:00:00 GMT-0700 (Pacific Daylight Time),0,21
Mon Apr 01 2019 00:00:00 GMT-0700 (Pacific Daylight Time),0,21
Tue Apr 02 2019 00:00:00 GMT-0700 (Pacific Daylight Time),0,22
Wed Apr 03 2019 00:00:00 GMT-0700 (Pacific Daylight Time),0,22
Thu Apr 04 2019 00:00:00 GMT-0700 (Pacific Daylight Time),0,22
Fri Apr 05 2019 00:00:00 GMT-0700 (Pacific Daylight Time),0,22
Sat Apr 06 2019 00:00:00 GMT-0700 (Pacific Daylight Time),0,22
Sun Apr 07 2019 00:00:00 GMT-0700 (Pacific Daylight Time),0,22
Mon Apr 08 2019 00:00:00 GMT-0700 (Pacific Daylight Time),0,23
Tue Apr 09 2019 00:00:00 GMT-0700 (Pacific Daylight Time),0,26
Wed Apr 10 2019 00:00:00 GMT-0700 (Pacific Daylight Time),0,26
Thu Apr 11 2019 00:00:00 GMT-0700 (Pacific Daylight Time),0,26
Fri Apr 12 2019 00:00:00 GMT-0700 (Pacific Daylight Time),2,26
Sat Apr 13 2019 00:00:00 GMT-0700 (Pacific Daylight Time),2,26
Sun Apr 14 2019 00:00:00 GMT-0700 (Pacific Daylight Time),2,27
Mon Apr 15 2019 00:00:00 GMT-0700 (Pacific Daylight Time),3,28
Tue Apr 16 2019 00:00:00 GMT-0700 (Pacific Daylight Time),4,28
Wed Apr 17 2019 00:00:00 GMT-0700 (Pacific Daylight Time),4,28
Thu Apr 18 2019 00:00:00 GMT-0700 (Pacific Daylight Time),4,27
Fri Apr 19 2019 00:00:00 GMT-0700 (Pacific Daylight Time),4,27
Sat Apr 20 2019 00:00:00 GMT-0700 (Pacific Daylight Time),4,28
Sun Apr 21 2019 00:00:00 GMT-0700 (Pacific Daylight Time),4,32
Mon Apr 22 2019 00:00:00 GMT-0700 (Pacific Daylight Time),4,35
Tue Apr 23 2019 00:00:00 GMT-0700 (Pacific Daylight Time),4,39
Wed Apr 24 2019 00:00:00 GMT-0700 (Pacific Daylight Time),4,40
Thu Apr 25 2019 00:00:00 GMT-0700 (Pacific Daylight Time),4,44
Fri Apr 26 2019 00:00:00 GMT-0700 (Pacific Daylight Time),4,46
Sat Apr 27 2019 00:00:00 GMT-0700 (Pacific Daylight Time),6,50
Sun Apr 28 2019 00:00:00 GMT-0700 (Pacific Daylight Time),7,52
Mon Apr 29 2019 00:00:00 GMT-0700 (Pacific Daylight Time),8,54
Tue Apr 30 2019 00:00:00 GMT-0700 (Pacific Daylight Time),8,56
Wed May 01 2019 00:00:00 GMT-0700 (Pacific Daylight Time),8,61
Thu May 02 2019 00:00:00 GMT-0700 (Pacific Daylight Time),9,68
Fri May 03 2019 00:00:00 GMT-0700 (Pacific Daylight Time),9,69
Sat May 04 2019 00:00:00 GMT-0700 (Pacific Daylight Time),9,71
Sun May 05 2019 00:00:00 GMT-0700 (Pacific Daylight Time),9,71
Mon May 06 2019 00:00:00 GMT-0700 (Pacific Daylight Time),9,72
Tue May 07 2019 00:00:00 GMT-0700 (Pacific Daylight Time),9,76
Wed May 08 2019 00:00:00 GMT-0700 (Pacific Daylight Time),8,78
Thu May 09 2019 00:00:00 GMT-0700 (Pacific Daylight Time),9,84
Fri May 10 2019 00:00:00 GMT-0700 (Pacific Daylight Time),9,87
Sat May 11 2019 00:00:00 GMT-0700 (Pacific Daylight Time),10,91
Sun May 12 2019 00:00:00 GMT-0700 (Pacific Daylight Time),10,94
Mon May 13 2019 00:00:00 GMT-0700 (Pacific Daylight Time),10,101
Tue May 14 2019 00:00:00 GMT-0700 (Pacific Daylight Time),11,109
Wed May 15 2019 00:00:00 GMT-0700 (Pacific Daylight Time),12,113
Thu May 16 2019 00:00:00 GMT-0700 (Pacific Daylight Time),13,119
Fri May 17 2019 00:00:00 GMT-0700 (Pacific Daylight Time),13,123
Sat May 18 2019 00:00:00 GMT-0700 (Pacific Daylight Time),14,128
Sun May 19 2019 00:00:00 GMT-0700 (Pacific Daylight Time),15,127
Mon May 20 2019 00:00:00 GMT-0700 (Pacific Daylight Time),15,129
Tue May 21 2019 00:00:00 GMT-0700 (Pacific Daylight Time),15,130
Wed May 22 2019 00:00:00 GMT-0700 (Pacific Daylight Time),15,131
Thu May 23 2019 00:00:00 GMT-0700 (Pacific Daylight Time),15,136
Fri May 24 2019 00:00:00 GMT-0700 (Pacific Daylight Time),15,144
Sat May 25 2019 00:00:00 GMT-0700 (Pacific Daylight Time),15,149
Sun May 26 2019 00:00:00 GMT-0700 (Pacific Daylight Time),17,154
Mon May 27 2019 00:00:00 GMT-0700 (Pacific Daylight Time),19,166
Tue May 28 2019 00:00:00 GMT-0700 (Pacific Daylight Time),21,170
Wed May 29 2019 00:00:00 GMT-0700 (Pacific Daylight Time),26,184
Thu May 30 2019 00:00:00 GMT-0700 (Pacific Daylight Time),36,189
Fri May 31 2019 00:00:00 GMT-0700 (Pacific Daylight Time),35,192
Sat Jun 01 2019 00:00:00 GMT-0700 (Pacific Daylight Time),35,192
Sun Jun 02 2019 00:00:00 GMT-0700 (Pacific Daylight Time),38,198
Mon Jun 03 2019 00:00:00 GMT-0700 (Pacific Daylight Time),39,201
Tue Jun 04 2019 00:00:00 GMT-0700 (Pacific Daylight Time),41,203
Wed Jun 05 2019 00:00:00 GMT-0700 (Pacific Daylight Time),45,207
Thu Jun 06 2019 00:00:00 GMT-0700 (Pacific Daylight Time),46,212
Fri Jun 07 2019 00:00:00 GMT-0700 (Pacific Daylight Time),47,214
Sat Jun 08 2019 00:00:00 GMT-0700 (Pacific Daylight Time),48,217
Sun Jun 09 2019 00:00:00 GMT-0700 (Pacific Daylight Time),48,217
Mon Jun 10 2019 00:00:00 GMT-0700 (Pacific Daylight Time),49,215
Tue Jun 11 2019 00:00:00 GMT-0700 (Pacific Daylight Time),50,216
Wed Jun 12 2019 00:00:00 GMT-0700 (Pacific Daylight Time),52,217
Thu Jun 13 2019 00:00:00 GMT-0700 (Pacific Daylight Time),55,218
Fri Jun 14 2019 00:00:00 GMT-0700 (Pacific Daylight Time),56,218
Sat Jun 15 2019 00:00:00 GMT-0700 (Pacific Daylight Time),56,221
Sun Jun 16 2019 00:00:00 GMT-0700 (Pacific Daylight Time),56,222
Mon Jun 17 2019 00:00:00 GMT-0700 (Pacific Daylight Time),57,221
Tue Jun 18 2019 00:00:00 GMT-0700 (Pacific Daylight Time),58,222
Wed Jun 19 2019 00:00:00 GMT-0700 (Pacific Daylight Time),62,228
Thu Jun 20 2019 00:00:00 GMT-0700 (Pacific Daylight Time),64,229
Fri Jun 21 2019 00:00:00 GMT-0700 (Pacific Daylight Time),69,231
Sat Jun 22 2019 00:00:00 GMT-0700 (Pacific Daylight Time),69,232
Sun Jun 23 2019 00:00:00 GMT-0700 (Pacific Daylight Time),70,232
Mon Jun 24 2019 00:00:00 GMT-0700 (Pacific Daylight Time),70,227
Tue Jun 25 2019 00:00:00 GMT-0700 (Pacific Daylight Time),70,226
Wed Jun 26 2019 00:00:00 GMT-0700 (Pacific Daylight Time),70,224
Thu Jun 27 2019 00:00:00 GMT-0700 (Pacific Daylight Time),68,220
Fri Jun 28 2019 00:00:00 GMT-0700 (Pacific Daylight Time),69,222
Sat Jun 29 2019 00:00:00 GMT-0700 (Pacific Daylight Time),70,227
Sun Jun 30 2019 00:00:00 GMT-0700 (Pacific Daylight Time),72,234
Mon Jul 01 2019 00:00:00 GMT-0700 (Pacific Daylight Time),71,251
Tue Jul 02 2019 00:00:00 GMT-0700 (Pacific Daylight Time),72,248
Wed Jul 03 2019 00:00:00 GMT-0700 (Pacific Daylight Time),72,251
Thu Jul 04 2019 00:00:00 GMT-0700 (Pacific Daylight Time),72,250
Fri Jul 05 2019 00:00:00 GMT-0700 (Pacific Daylight Time),73,249
Sat Jul 06 2019 00:00:00 GMT-0700 (Pacific Daylight Time),73,248
Sun Jul 07 2019 00:00:00 GMT-0700 (Pacific Daylight Time),74,255
Mon Jul 08 2019 00:00:00 GMT-0700 (Pacific Daylight Time),72,255
Tue Jul 09 2019 00:00:00 GMT-0700 (Pacific Daylight Time),71,255
Wed Jul 10 2019 00:00:00 GMT-0700 (Pacific Daylight Time),70,253
Thu Jul 11 2019 00:00:00 GMT-0700 (Pacific Daylight Time),71,256
Fri Jul 12 2019 00:00:00 GMT-0700 (Pacific Daylight Time),71,257
Sat Jul 13 2019 00:00:00 GMT-0700 (Pacific Daylight Time),72,259
Sun Jul 14 2019 00:00:00 GMT-0700 (Pacific Daylight Time),75,260
Mon Jul 15 2019 00:00:00 GMT-0700 (Pacific Daylight Time),72,258
Tue Jul 16 2019 00:00:00 GMT-0700 (Pacific Daylight Time),74,264
Wed Jul 17 2019 00:00:00 GMT-0700 (Pacific Daylight Time),72,264
Thu Jul 18 2019 00:00:00 GMT-0700 (Pacific Daylight Time),73,267
Fri Jul 19 2019 00:00:00 GMT-0700 (Pacific Daylight Time),71,267
Sat Jul 20 2019 00:00:00 GMT-0700 (Pacific Daylight Time),72,274
Sun Jul 21 2019 00:00:00 GMT-0700 (Pacific Daylight Time),72,269
Mon Jul 22 2019 00:00:00 GMT-0700 (Pacific Daylight Time),73,273
Tue Jul 23 2019 00:00:00 GMT-0700 (Pacific Daylight Time),71,276
Wed Jul 24 2019 00:00:00 GMT-0700 (Pacific Daylight Time),71,274
Thu Jul 25 2019 00:00:00 GMT-0700 (Pacific Daylight Time),71,277
Fri Jul 26 2019 00:00:00 GMT-0700 (Pacific Daylight Time),72,281
Sat Jul 27 2019 00:00:00 GMT-0700 (Pacific Daylight Time),71,284
Sun Jul 28 2019 00:00:00 GMT-0700 (Pacific Daylight Time),71,286
Mon Jul 29 2019 00:00:00 GMT-0700 (Pacific Daylight Time),63,286
Tue Jul 30 2019 00:00:00 GMT-0700 (Pacific Daylight Time),66,284
Wed Jul 31 2019 00:00:00 GMT-0700 (Pacific Daylight Time),65,265
Thu Aug 01 2019 00:00:00 GMT-0700 (Pacific Daylight Time),65,266
Fri Aug 02 2019 00:00:00 GMT-0700 (Pacific Daylight Time),65,260
Sat Aug 03 2019 00:00:00 GMT-0700 (Pacific Daylight Time),66,261
Sun Aug 04 2019 00:00:00 GMT-0700 (Pacific Daylight Time),68,257
Mon Aug 05 2019 00:00:00 GMT-0700 (Pacific Daylight Time),69,248
Tue Aug 06 2019 00:00:00 GMT-0700 (Pacific Daylight Time),69,249
Wed Aug 07 2019 00:00:00 GMT-0700 (Pacific Daylight Time),71,245
Thu Aug 08 2019 00:00:00 GMT-0700 (Pacific Daylight Time),72,248
Fri Aug 09 2019 00:00:00 GMT-0700 (Pacific Daylight Time),75,246
Sat Aug 10 2019 00:00:00 GMT-0700 (Pacific Daylight Time),78,246
Sun Aug 11 2019 00:00:00 GMT-0700 (Pacific Daylight Time),78,240
Mon Aug 12 2019 00:00:00 GMT-0700 (Pacific Daylight Time),78,241
Tue Aug 13 2019 00:00:00 GMT-0700 (Pacific Daylight Time),80,240
Wed Aug 14 2019 00:00:00 GMT-0700 (Pacific Daylight Time),80,235
Thu Aug 15 2019 00:00:00 GMT-0700 (Pacific Daylight Time),80,234
Fri Aug 16 2019 00:00:00 GMT-0700 (Pacific Daylight Time),80,234
Sat Aug 17 2019 00:00:00 GMT-0700 (Pacific Daylight Time),83,237
Sun Aug 18 2019 00:00:00 GMT-0700 (Pacific Daylight Time),81,237
Mon Aug 19 2019 00:00:00 GMT-0700 (Pacific Daylight Time),83,243
Tue Aug 20 2019 00:00:00 GMT-0700 (Pacific Daylight Time),86,246
Wed Aug 21 2019 00:00:00 GMT-0700 (Pacific Daylight Time),86,243
Thu Aug 22 2019 00:00:00 GMT-0700 (Pacific Daylight Time),87,239
Fri Aug 23 2019 00:00:00 GMT-0700 (Pacific Daylight Time),87,236
Sat Aug 24 2019 00:00:00 GMT-0700 (Pacific Daylight Time),86,232
Sun Aug 25 2019 00:00:00 GMT-0700 (Pacific Daylight Time),87,230
Mon Aug 26 2019 00:00:00 GMT-0700 (Pacific Daylight Time),87,227
Tue Aug 27 2019 00:00:00 GMT-0700 (Pacific Daylight Time),88,228
Wed Aug 28 2019 00:00:00 GMT-0700 (Pacific Daylight Time),91,235
Thu Aug 29 2019 00:00:00 GMT-0700 (Pacific Daylight Time),91,234
Fri Aug 30 2019 00:00:00 GMT-0700 (Pacific Daylight Time),92,238
Sat Aug 31 2019 00:00:00 GMT-0700 (Pacific Daylight Time),93,242
Sun Sep 01 2019 00:00:00 GMT-0700 (Pacific Daylight Time),93,243
Mon Sep 02 2019 00:00:00 GMT-0700 (Pacific Daylight Time),92,241
Tue Sep 03 2019 00:00:00 GMT-0700 (Pacific Daylight Time),92,240
Wed Sep 04 2019 00:00:00 GMT-0700 (Pacific Daylight Time),94,240
Thu Sep 05 2019 00:00:00 GMT-0700 (Pacific Daylight Time),94,237
Fri Sep 06 2019 00:00:00 GMT-0700 (Pacific Daylight Time),94,237
Sat Sep 07 2019 00:00:00 GMT-0700 (Pacific Daylight Time),98,241
Sun Sep 08 2019 00:00:00 GMT-0700 (Pacific Daylight Time),99,240
Mon Sep 09 2019 00:00:00 GMT-0700 (Pacific Daylight Time),100,238
Tue Sep 10 2019 00:00:00 GMT-0700 (Pacific Daylight Time),100,238
Wed Sep 11 2019 00:00:00 GMT-0700 (Pacific Daylight Time),98,240
Thu Sep 12 2019 00:00:00 GMT-0700 (Pacific Daylight Time),98,242
Fri Sep 13 2019 00:00:00 GMT-0700 (Pacific Daylight Time),98,244
Sat Sep 14 2019 00:00:00 GMT-0700 (Pacific Daylight Time),96,245
Sun Sep 15 2019 00:00:00 GMT-0700 (Pacific Daylight Time),100,244
Mon Sep 16 2019 00:00:00 GMT-0700 (Pacific Daylight Time),101,245
Tue Sep 17 2019 00:00:00 GMT-0700 (Pacific Daylight Time),102,247
Wed Sep 18 2019 00:00:00 GMT-0700 (Pacific Daylight Time),102,254
Thu Sep 19 2019 00:00:00 GMT-0700 (Pacific Daylight Time),105,256
Fri Sep 20 2019 00:00:00 GMT-0700 (Pacific Daylight Time),104,262
Sat Sep 21 2019 00:00:00 GMT-0700 (Pacific Daylight Time),104,269
Sun Sep 22 2019 00:00:00 GMT-0700 (Pacific Daylight Time),101,265
Mon Sep 23 2019 00:00:00 GMT-0700 (Pacific Daylight Time),100,269
Tue Sep 24 2019 00:00:00 GMT-0700 (Pacific Daylight Time),101,275
Wed Sep 25 2019 00:00:00 GMT-0700 (Pacific Daylight Time),106,272
Thu Sep 26 2019 00:00:00 GMT-0700 (Pacific Daylight Time),108,276
Fri Sep 27 2019 00:00:00 GMT-0700 (Pacific Daylight Time),109,277
Sat Sep 28 2019 00:00:00 GMT-0700 (Pacific Daylight Time),107,277
Sun Sep 29 2019 00:00:00 GMT-0700 (Pacific Daylight Time),106,273
Mon Sep 30 2019 00:00:00 GMT-0700 (Pacific Daylight Time),108,271
Tue Oct 01 2019 00:00:00 GMT-0700 (Pacific Daylight Time),108,270
Wed Oct 02 2019 00:00:00 GMT-0700 (Pacific Daylight Time),108,268
Thu Oct 03 2019 00:00:00 GMT-0700 (Pacific Daylight Time),108,267
Fri Oct 04 2019 00:00:00 GMT-0700 (Pacific Daylight Time),108,266
Sat Oct 05 2019 00:00:00 GMT-0700 (Pacific Daylight Time),108,266
Sun Oct 06 2019 00:00:00 GMT-0700 (Pacific Daylight Time),107,266
Mon Oct 07 2019 00:00:00 GMT-0700 (Pacific Daylight Time),105,264
Tue Oct 08 2019 00:00:00 GMT-0700 (Pacific Daylight Time),105,260
Wed Oct 09 2019 00:00:00 GMT-0700 (Pacific Daylight Time),104,258
Thu Oct 10 2019 00:00:00 GMT-0700 (Pacific Daylight Time),104,259
Fri Oct 11 2019 00:00:00 GMT-0700 (Pacific Daylight Time),105,259
Sat Oct 12 2019 00:00:00 GMT-0700 (Pacific Daylight Time),105,259
Sun Oct 13 2019 00:00:00 GMT-0700 (Pacific Daylight Time),105,256
Mon Oct 14 2019 00:00:00 GMT-0700 (Pacific Daylight Time),106,256
Tue Oct 15 2019 00:00:00 GMT-0700 (Pacific Daylight Time),107,252
Wed Oct 16 2019 00:00:00 GMT-0700 (Pacific Daylight Time),107,250
Thu Oct 17 2019 00:00:00 GMT-0700 (Pacific Daylight Time),106,247
Fri Oct 18 2019 00:00:00 GMT-0700 (Pacific Daylight Time),107,244
Sat Oct 19 2019 00:00:00 GMT-0700 (Pacific Daylight Time),105,237
Sun Oct 20 2019 00:00:00 GMT-0700 (Pacific Daylight Time),105,236
Mon Oct 21 2019 00:00:00 GMT-0700 (Pacific Daylight Time),104,232
Tue Oct 22 2019 00:00:00 GMT-0700 (Pacific Daylight Time),104,229
Wed Oct 23 2019 00:00:00 GMT-0700 (Pacific Daylight Time),105,227
Thu Oct 24 2019 00:00:00 GMT-0700 (Pacific Daylight Time),102,222
Fri Oct 25 2019 00:00:00 GMT-0700 (Pacific Daylight Time),101,220
Sat Oct 26 2019 00:00:00 GMT-0700 (Pacific Daylight Time),97,220
Sun Oct 27 2019 00:00:00 GMT-0700 (Pacific Daylight Time),97,219
Mon Oct 28 2019 00:00:00 GMT-0700 (Pacific Daylight Time),98,219
Tue Oct 29 2019 00:00:00 GMT-0700 (Pacific Daylight Time),96,216
Wed Oct 30 2019 00:00:00 GMT-0700 (Pacific Daylight Time),96,235
Thu Oct 31 2019 00:00:00 GMT-0700 (Pacific Daylight Time),96,250
Fri Nov 01 2019 00:00:00 GMT-0700 (Pacific Daylight Time),97,254
Sat Nov 02 2019 00:00:00 GMT-0700 (Pacific Daylight Time),98,259
Sun Nov 03 2019 00:00:00 GMT-0700 (Pacific Daylight Time),100,257
Mon Nov 04 2019 00:00:00 GMT-0800 (Pacific Standard Time),100,256
Tue Nov 05 2019 00:00:00 GMT-0800 (Pacific Standard Time),103,252
Wed Nov 06 2019 00:00:00 GMT-0800 (Pacific Standard Time),102,255
Thu Nov 07 2019 00:00:00 GMT-0800 (Pacific Standard Time),100,256
Fri Nov 08 2019 00:00:00 GMT-0800 (Pacific Standard Time),102,258
Sat Nov 09 2019 00:00:00 GMT-0800 (Pacific Standard Time),101,258
Sun Nov 10 2019 00:00:00 GMT-0800 (Pacific Standard Time),102,262
Mon Nov 11 2019 00:00:00 GMT-0800 (Pacific Standard Time),103,266
Tue Nov 12 2019 00:00:00 GMT-0800 (Pacific Standard Time),103,268
Wed Nov 13 2019 00:00:00 GMT-0800 (Pacific Standard Time),101,268
Thu Nov 14 2019 00:00:00 GMT-0800 (Pacific Standard Time),100,271
Fri Nov 15 2019 00:00:00 GMT-0800 (Pacific Standard Time),100,272
Sat Nov 16 2019 00:00:00 GMT-0800 (Pacific Standard Time),101,272
Sun Nov 17 2019 00:00:00 GMT-0800 (Pacific Standard Time),100,272
Mon Nov 18 2019 00:00:00 GMT-0800 (Pacific Standard Time),99,271
Tue Nov 19 2019 00:00:00 GMT-0800 (Pacific Standard Time),98,276
Wed Nov 20 2019 00:00:00 GMT-0800 (Pacific Standard Time),98,280
Thu Nov 21 2019 00:00:00 GMT-0800 (Pacific Standard Time),103,287
Fri Nov 22 2019 00:00:00 GMT-0800 (Pacific Standard Time),105,293
Sat Nov 23 2019 00:00:00 GMT-0800 (Pacific Standard Time),104,296
Sun Nov 24 2019 00:00:00 GMT-0800 (Pacific Standard Time),106,302
Mon Nov 25 2019 00:00:00 GMT-0800 (Pacific Standard Time),109,308
Tue Nov 26 2019 00:00:00 GMT-0800 (Pacific Standard Time),109,313
Wed Nov 27 2019 00:00:00 GMT-0800 (Pacific Standard Time),110,318
Thu Nov 28 2019 00:00:00 GMT-0800 (Pacific Standard Time),111,317
Fri Nov 29 2019 00:00:00 GMT-0800 (Pacific Standard Time),110,318
Sat Nov 30 2019 00:00:00 GMT-0800 (Pacific Standard Time),114,315
Sun Dec 01 2019 00:00:00 GMT-0800 (Pacific Standard Time),113,321
Mon Dec 02 2019 00:00:00 GMT-0800 (Pacific Standard Time),115,314
Tue Dec 03 2019 00:00:00 GMT-0800 (Pacific Standard Time),114,324
Wed Dec 04 2019 00:00:00 GMT-0800 (Pacific Standard Time),116,326
Thu Dec 05 2019 00:00:00 GMT-0800 (Pacific Standard Time),114,331
Fri Dec 06 2019 00:00:00 GMT-0800 (Pacific Standard Time),114,336
Sat Dec 07 2019 00:00:00 GMT-0800 (Pacific Standard Time),111,330
Sun Dec 08 2019 00:00:00 GMT-0800 (Pacific Standard Time),109,329
Mon Dec 09 2019 00:00:00 GMT-0800 (Pacific Standard Time),109,332
Tue Dec 10 2019 00:00:00 GMT-0800 (Pacific Standard Time),109,334
Wed Dec 11 2019 00:00:00 GMT-0800 (Pacific Standard Time),112,342
Thu Dec 12 2019 00:00:00 GMT-0800 (Pacific Standard Time),112,345
Fri Dec 13 2019 00:00:00 GMT-0800 (Pacific Standard Time),112,346
Sat Dec 14 2019 00:00:00 GMT-0800 (Pacific Standard Time),115,349
Sun Dec 15 2019 00:00:00 GMT-0800 (Pacific Standard Time),114,351
Mon Dec 16 2019 00:00:00 GMT-0800 (Pacific Standard Time),113,356
Tue Dec 17 2019 00:00:00 GMT-0800 (Pacific Standard Time),113,356
Wed Dec 18 2019 00:00:00 GMT-0800 (Pacific Standard Time),114,361
Thu Dec 19 2019 00:00:00 GMT-0800 (Pacific Standard Time),114,364
Fri Dec 20 2019 00:00:00 GMT-0800 (Pacific Standard Time),111,365
Sat Dec 21 2019 00:00:00 GMT-0800 (Pacific Standard Time),112,366
Sun Dec 22 2019 00:00:00 GMT-0800 (Pacific Standard Time),111,364
Mon Dec 23 2019 00:00:00 GMT-0800 (Pacific Standard Time),111,361
Tue Dec 24 2019 00:00:00 GMT-0800 (Pacific Standard Time),110,356
Wed Dec 25 2019 00:00:00 GMT-0800 (Pacific Standard Time),110,351
Thu Dec 26 2019 00:00:00 GMT-0800 (Pacific Standard Time),112,356
Fri Dec 27 2019 00:00:00 GMT-0800 (Pacific Standard Time),112,359
Sat Dec 28 2019 00:00:00 GMT-0800 (Pacific Standard Time),112,360
Sun Dec 29 2019 00:00:00 GMT-0800 (Pacific Standard Time),111,358
Mon Dec 30 2019 00:00:00 GMT-0800 (Pacific Standard Time),110,358
Tue Dec 31 2019 00:00:00 GMT-0800 (Pacific Standard Time),111,359
Wed Jan 01 2020 00:00:00 GMT-0800 (Pacific Standard Time),111,355
Thu Jan 02 2020 00:00:00 GMT-0800 (Pacific Standard Time),109,346
Fri Jan 03 2020 00:00:00 GMT-0800 (Pacific Standard Time),109,337
Sat Jan 04 2020 00:00:00 GMT-0800 (Pacific Standard Time),109,336
Sun Jan 05 2020 00:00:00 GMT-0800 (Pacific Standard Time),108,333
Mon Jan 06 2020 00:00:00 GMT-0800 (Pacific Standard Time),105,331
Tue Jan 07 2020 00:00:00 GMT-0800 (Pacific Standard Time),106,328
Wed Jan 08 2020 00:00:00 GMT-0800 (Pacific Standard Time),104,319
Thu Jan 09 2020 00:00:00 GMT-0800 (Pacific Standard Time),103,321
Fri Jan 10 2020 00:00:00 GMT-0800 (Pacific Standard Time),103,321
Sat Jan 11 2020 00:00:00 GMT-0800 (Pacific Standard Time),104,321
Sun Jan 12 2020 00:00:00 GMT-0800 (Pacific Standard Time),104,322
Mon Jan 13 2020 00:00:00 GMT-0800 (Pacific Standard Time),103,317
Tue Jan 14 2020 00:00:00 GMT-0800 (Pacific Standard Time),103,311
Wed Jan 15 2020 00:00:00 GMT-0800 (Pacific Standard Time),102,309
Thu Jan 16 2020 00:00:00 GMT-0800 (Pacific Standard Time),101,312
Fri Jan 17 2020 00:00:00 GMT-0800 (Pacific Standard Time),101,308
Sat Jan 18 2020 00:00:00 GMT-0800 (Pacific Standard Time),84,318
Sun Jan 19 2020 00:00:00 GMT-0800 (Pacific Standard Time),99,348
Mon Jan 20 2020 00:00:00 GMT-0800 (Pacific Standard Time),103,353
Tue Jan 21 2020 00:00:00 GMT-0800 (Pacific Standard Time),104,357
Wed Jan 22 2020 00:00:00 GMT-0800 (Pacific Standard Time),104,355
Thu Jan 23 2020 00:00:00 GMT-0800 (Pacific Standard Time),105,355
Fri Jan 24 2020 00:00:00 GMT-0800 (Pacific Standard Time),105,355
Sat Jan 25 2020 00:00:00 GMT-0800 (Pacific Standard Time),105,356
Sun Jan 26 2020 00:00:00 GMT-0800 (Pacific Standard Time),106,359
Mon Jan 27 2020 00:00:00 GMT-0800 (Pacific Standard Time),106,363
Tue Jan 28 2020 00:00:00 GMT-0800 (Pacific Standard Time),105,362
Wed Jan 29 2020 00:00:00 GMT-0800 (Pacific Standard Time),107,369
Thu Jan 30 2020 00:00:00 GMT-0800 (Pacific Standard Time),107,369
Fri Jan 31 2020 00:00:00 GMT-0800 (Pacific Standard Time),106,372
Sat Feb 01 2020 00:00:00 GMT-0800 (Pacific Standard Time),107,376
Sun Feb 02 2020 00:00:00 GMT-0800 (Pacific Standard Time),108,379
Mon Feb 03 2020 00:00:00 GMT-0800 (Pacific Standard Time),110,378
Tue Feb 04 2020 00:00:00 GMT-0800 (Pacific Standard Time),109,381
Wed Feb 05 2020 00:00:00 GMT-0800 (Pacific Standard Time),110,384
Thu Feb 06 2020 00:00:00 GMT-0800 (Pacific Standard Time),110,384
Fri Feb 07 2020 00:00:00 GMT-0800 (Pacific Standard Time),111,385
Sat Feb 08 2020 00:00:00 GMT-0800 (Pacific Standard Time),110,383
Sun Feb 09 2020 00:00:00 GMT-0800 (Pacific Standard Time),109,384
Mon Feb 10 2020 00:00:00 GMT-0800 (Pacific Standard Time),110,385
Tue Feb 11 2020 00:00:00 GMT-0800 (Pacific Standard Time),111,386
Wed Feb 12 2020 00:00:00 GMT-0800 (Pacific Standard Time),111,387
Thu Feb 13 2020 00:00:00 GMT-0800 (Pacific Standard Time),112,388
Fri Feb 14 2020 00:00:00 GMT-0800 (Pacific Standard Time),114,387
Sat Feb 15 2020 00:00:00 GMT-0800 (Pacific Standard Time),115,380
Sun Feb 16 2020 00:00:00 GMT-0800 (Pacific Standard Time),109,374
Mon Feb 17 2020 00:00:00 GMT-0800 (Pacific Standard Time),110,373
Tue Feb 18 2020 00:00:00 GMT-0800 (Pacific Standard Time),109,367
Wed Feb 19 2020 00:00:00 GMT-0800 (Pacific Standard Time),110,367
Thu Feb 20 2020 00:00:00 GMT-0800 (Pacific Standard Time),110,364
Fri Feb 21 2020 00:00:00 GMT-0800 (Pacific Standard Time),109,362
Sat Feb 22 2020 00:00:00 GMT-0800 (Pacific Standard Time),106,355
Sun Feb 23 2020 00:00:00 GMT-0800 (Pacific Standard Time),107,354
Mon Feb 24 2020 00:00:00 GMT-0800 (Pacific Standard Time),106,349
Tue Feb 25 2020 00:00:00 GMT-0800 (Pacific Standard Time),104,353
Wed Feb 26 2020 00:00:00 GMT-0800 (Pacific Standard Time),105,360
Thu Feb 27 2020 00:00:00 GMT-0800 (Pacific Standard Time),106,365
Fri Feb 28 2020 00:00:00 GMT-0800 (Pacific Standard Time),108,366
Sat Feb 29 2020 00:00:00 GMT-0800 (Pacific Standard Time),109,369
Sun Mar 01 2020 00:00:00 GMT-0800 (Pacific Standard Time),109,363
Mon Mar 02 2020 00:00:00 GMT-0800 (Pacific Standard Time),108,361
Tue Mar 03 2020 00:00:00 GMT-0800 (Pacific Standard Time),106,353
Wed Mar 04 2020 00:00:00 GMT-0800 (Pacific Standard Time),107,349
Thu Mar 05 2020 00:00:00 GMT-0800 (Pacific Standard Time),108,348
Fri Mar 06 2020 00:00:00 GMT-0800 (Pacific Standard Time),108,343
Sat Mar 07 2020 00:00:00 GMT-0800 (Pacific Standard Time),107,340
Sun Mar 08 2020 00:00:00 GMT-0800 (Pacific Standard Time),107,335
Mon Mar 09 2020 00:00:00 GMT-0700 (Pacific Daylight Time),107,336
Tue Mar 10 2020 00:00:00 GMT-0700 (Pacific Daylight Time),107,331
Wed Mar 11 2020 00:00:00 GMT-0700 (Pacific Daylight Time),108,329
Thu Mar 12 2020 00:00:00 GMT-0700 (Pacific Daylight Time),108,328
Fri Mar 13 2020 00:00:00 GMT-0700 (Pacific Daylight Time),106,326
Sat Mar 14 2020 00:00:00 GMT-0700 (Pacific Daylight Time),104,324
Sun Mar 15 2020 00:00:00 GMT-0700 (Pacific Daylight Time),104,318
Mon Mar 16 2020 00:00:00 GMT-0700 (Pacific Daylight Time),105,314
Tue Mar 17 2020 00:00:00 GMT-0700 (Pacific Daylight Time),104,311
Wed Mar 18 2020 00:00:00 GMT-0700 (Pacific Daylight Time),104,311
Thu Mar 19 2020 00:00:00 GMT-0700 (Pacific Daylight Time),105,306
Fri Mar 20 2020 00:00:00 GMT-0700 (Pacific Daylight Time),103,304
Sat Mar 21 2020 00:00:00 GMT-0700 (Pacific Daylight Time),101,302
Sun Mar 22 2020 00:00:00 GMT-0700 (Pacific Daylight Time),101,301
Mon Mar 23 2020 00:00:00 GMT-0700 (Pacific Daylight Time),103,298
Tue Mar 24 2020 00:00:00 GMT-0700 (Pacific Daylight Time),102,293
Wed Mar 25 2020 00:00:00 GMT-0700 (Pacific Daylight Time),101,289
Thu Mar 26 2020 00:00:00 GMT-0700 (Pacific Daylight Time),100,283
Fri Mar 27 2020 00:00:00 GMT-0700 (Pacific Daylight Time),100,278
Sat Mar 28 2020 00:00:00 GMT-0700 (Pacific Daylight Time),99,278
Sun Mar 29 2020 00:00:00 GMT-0700 (Pacific Daylight Time),98,281
Mon Mar 30 2020 00:00:00 GMT-0700 (Pacific Daylight Time),99,281
Tue Mar 31 2020 00:00:00 GMT-0700 (Pacific Daylight Time),98,277
Wed Apr 01 2020 00:00:00 GMT-0700 (Pacific Daylight Time),98,274
Thu Apr 02 2020 00:00:00 GMT-0700 (Pacific Daylight Time),98,277
Fri Apr 03 2020 00:00:00 GMT-0700 (Pacific Daylight Time),97,276
Sat Apr 04 2020 00:00:00 GMT-0700 (Pacific Daylight Time),96,274
Sun Apr 05 2020 00:00:00 GMT-0700 (Pacific Daylight Time),97,271
Mon Apr 06 2020 00:00:00 GMT-0700 (Pacific Daylight Time),96,269
Tue Apr 07 2020 00:00:00 GMT-0700 (Pacific Daylight Time),90,269
Wed Apr 08 2020 00:00:00 GMT-0700 (Pacific Daylight Time),93,268
Thu Apr 09 2020 00:00:00 GMT-0700 (Pacific Daylight Time),93,266
Fri Apr 10 2020 00:00:00 GMT-0700 (Pacific Daylight Time),92,269
Sat Apr 11 2020 00:00:00 GMT-0700 (Pacific Daylight Time),93,272
Sun Apr 12 2020 00:00:00 GMT-0700 (Pacific Daylight Time),92,269
Mon Apr 13 2020 00:00:00 GMT-0700 (Pacific Daylight Time),91,268
Tue Apr 14 2020 00:00:00 GMT-0700 (Pacific Daylight Time),93,276
Wed Apr 15 2020 00:00:00 GMT-0700 (Pacific Daylight Time),95,281
Thu Apr 16 2020 00:00:00 GMT-0700 (Pacific Daylight Time),96,285
Fri Apr 17 2020 00:00:00 GMT-0700 (Pacific Daylight Time),95,287
Sat Apr 18 2020 00:00:00 GMT-0700 (Pacific Daylight Time),96,290
Sun Apr 19 2020 00:00:00 GMT-0700 (Pacific Daylight Time),96,292
Mon Apr 20 2020 00:00:00 GMT-0700 (Pacific Daylight Time),97,299
Tue Apr 21 2020 00:00:00 GMT-0700 (Pacific Daylight Time),97,298
Wed Apr 22 2020 00:00:00 GMT-0700 (Pacific Daylight Time),99,299
Thu Apr 23 2020 00:00:00 GMT-0700 (Pacific Daylight Time),100,301
Fri Apr 24 2020 00:00:00 GMT-0700 (Pacific Daylight Time),101,307
Sat Apr 25 2020 00:00:00 GMT-0700 (Pacific Daylight Time),102,316
Sun Apr 26 2020 00:00:00 GMT-0700 (Pacific Daylight Time),105,327
Mon Apr 27 2020 00:00:00 GMT-0700 (Pacific Daylight Time),106,329
Tue Apr 28 2020 00:00:00 GMT-0700 (Pacific Daylight Time),107,345
Wed Apr 29 2020 00:00:00 GMT-0700 (Pacific Daylight Time),110,356
Thu Apr 30 2020 00:00:00 GMT-0700 (Pacific Daylight Time),117,385
Fri May 01 2020 00:00:00 GMT-0700 (Pacific Daylight Time),124,403
Sat May 02 2020 00:00:00 GMT-0700 (Pacific Daylight Time),123,419
Sun May 03 2020 00:00:00 GMT-0700 (Pacific Daylight Time),122,422
Mon May 04 2020 00:00:00 GMT-0700 (Pacific Daylight Time),124,433
Tue May 05 2020 00:00:00 GMT-0700 (Pacific Daylight Time),123,434
Wed May 06 2020 00:00:00 GMT-0700 (Pacific Daylight Time),120,441
Thu May 07 2020 00:00:00 GMT-0700 (Pacific Daylight Time),114,452
Fri May 08 2020 00:00:00 GMT-0700 (Pacific Daylight Time),118,452
Sat May 09 2020 00:00:00 GMT-0700 (Pacific Daylight Time),122,457
Sun May 10 2020 00:00:00 GMT-0700 (Pacific Daylight Time),122,456
Mon May 11 2020 00:00:00 GMT-0700 (Pacific Daylight Time),124,456
Tue May 12 2020 00:00:00 GMT-0700 (Pacific Daylight Time),127,453
Wed May 13 2020 00:00:00 GMT-0700 (Pacific Daylight Time),128,454
Thu May 14 2020 00:00:00 GMT-0700 (Pacific Daylight Time),131,452
Sat May 16 2020 00:00:00 GMT-0700 (Pacific Daylight Time),131,445
Sun May 17 2020 00:00:00 GMT-0700 (Pacific Daylight Time),133,441
Mon May 18 2020 00:00:00 GMT-0700 (Pacific Daylight Time),133,442
Tue May 19 2020 00:00:00 GMT-0700 (Pacific Daylight Time),134,440
Wed May 20 2020 00:00:00 GMT-0700 (Pacific Daylight Time),134,443
Thu May 21 2020 00:00:00 GMT-0700 (Pacific Daylight Time),134,444
Fri May 22 2020 00:00:00 GMT-0700 (Pacific Daylight Time),134,441
Sat May 23 2020 00:00:00 GMT-0700 (Pacific Daylight Time),134,438
Sun May 24 2020 00:00:00 GMT-0700 (Pacific Daylight Time),133,434
Mon May 25 2020 00:00:00 GMT-0700 (Pacific Daylight Time),133,430
Tue May 26 2020 00:00:00 GMT-0700 (Pacific Daylight Time),132,422
Wed May 27 2020 00:00:00 GMT-0700 (Pacific Daylight Time),133,418
Thu May 28 2020 00:00:00 GMT-0700 (Pacific Daylight Time),132,406
Fri May 29 2020 00:00:00 GMT-0700 (Pacific Daylight Time),132,398
Sat May 30 2020 00:00:00 GMT-0700 (Pacific Daylight Time),132,394
Sun May 31 2020 00:00:00 GMT-0700 (Pacific Daylight Time),132,390
Mon Jun 01 2020 00:00:00 GMT-0700 (Pacific Daylight Time),130,389
Tue Jun 02 2020 00:00:00 GMT-0700 (Pacific Daylight Time),130,389
Wed Jun 03 2020 00:00:00 GMT-0700 (Pacific Daylight Time),130,382
Thu Jun 04 2020 00:00:00 GMT-0700 (Pacific Daylight Time),129,379
Fri Jun 05 2020 00:00:00 GMT-0700 (Pacific Daylight Time),128,377
Sat Jun 06 2020 00:00:00 GMT-0700 (Pacific Daylight Time),127,369
Sun Jun 07 2020 00:00:00 GMT-0700 (Pacific Daylight Time),130,367
Mon Jun 08 2020 00:00:00 GMT-0700 (Pacific Daylight Time),132,372
Tue Jun 09 2020 00:00:00 GMT-0700 (Pacific Daylight Time),132,373
Wed Jun 10 2020 00:00:00 GMT-0700 (Pacific Daylight Time),132,368
Thu Jun 11 2020 00:00:00 GMT-0700 (Pacific Daylight Time),133,369
Fri Jun 12 2020 00:00:00 GMT-0700 (Pacific Daylight Time),132,370
Sat Jun 13 2020 00:00:00 GMT-0700 (Pacific Daylight Time),138,358
Sun Jun 14 2020 00:00:00 GMT-0700 (Pacific Daylight Time),139,367
Mon Jun 15 2020 00:00:00 GMT-0700 (Pacific Daylight Time),140,366
Tue Jun 16 2020 00:00:00 GMT-0700 (Pacific Daylight Time),142,364
Wed Jun 17 2020 00:00:00 GMT-0700 (Pacific Daylight Time),143,357
Thu Jun 18 2020 00:00:00 GMT-0700 (Pacific Daylight Time),142,357
Fri Jun 19 2020 00:00:00 GMT-0700 (Pacific Daylight Time),142,354
Sat Jun 20 2020 00:00:00 GMT-0700 (Pacific Daylight Time),142,355
Sun Jun 21 2020 00:00:00 GMT-0700 (Pacific Daylight Time),138,355
Mon Jun 22 2020 00:00:00 GMT-0700 (Pacific Daylight Time),138,356
Tue Jun 23 2020 00:00:00 GMT-0700 (Pacific Daylight Time),136,354
Wed Jun 24 2020 00:00:00 GMT-0700 (Pacific Daylight Time),135,353
Thu Jun 25 2020 00:00:00 GMT-0700 (Pacific Daylight Time),132,347
Fri Jun 26 2020 00:00:00 GMT-0700 (Pacific Daylight Time),129,341
Sat Jun 27 2020 00:00:00 GMT-0700 (Pacific Daylight Time),128,336
Sun Jun 28 2020 00:00:00 GMT-0700 (Pacific Daylight Time),127,332
Mon Jun 29 2020 00:00:00 GMT-0700 (Pacific Daylight Time),123,329
Tue Jun 30 2020 00:00:00 GMT-0700 (Pacific Daylight Time),123,332
Wed Jul 01 2020 00:00:00 GMT-0700 (Pacific Daylight Time),123,329
Thu Jul 02 2020 00:00:00 GMT-0700 (Pacific Daylight Time),121,326
Fri Jul 03 2020 00:00:00 GMT-0700 (Pacific Daylight Time),120,328
Sat Jul 04 2020 00:00:00 GMT-0700 (Pacific Daylight Time),120,328
Sun Jul 05 2020 00:00:00 GMT-0700 (Pacific Daylight Time),119,329
Mon Jul 06 2020 00:00:00 GMT-0700 (Pacific Daylight Time),121,324
Tue Jul 07 2020 00:00:00 GMT-0700 (Pacific Daylight Time),120,323
Wed Jul 08 2020 00:00:00 GMT-0700 (Pacific Daylight Time),119,322
Thu Jul 09 2020 00:00:00 GMT-0700 (Pacific Daylight Time),119,320
Fri Jul 10 2020 00:00:00 GMT-0700 (Pacific Daylight Time),119,319
Sat Jul 11 2020 00:00:00 GMT-0700 (Pacific Daylight Time),119,318
Sun Jul 12 2020 00:00:00 GMT-0700 (Pacific Daylight Time),115,311
Mon Jul 13 2020 00:00:00 GMT-0700 (Pacific Daylight Time),115,310
Tue Jul 14 2020 00:00:00 GMT-0700 (Pacific Daylight Time),117,307
Wed Jul 15 2020 00:00:00 GMT-0700 (Pacific Daylight Time),118,310
Thu Jul 16 2020 00:00:00 GMT-0700 (Pacific Daylight Time),116,308
Fri Jul 17 2020 00:00:00 GMT-0700 (Pacific Daylight Time),118,312
Sat Jul 18 2020 00:00:00 GMT-0700 (Pacific Daylight Time),117,309
Sun Jul 19 2020 00:00:00 GMT-0700 (Pacific Daylight Time),116,302
Mon Jul 20 2020 00:00:00 GMT-0700 (Pacific Daylight Time),117,304
Tue Jul 21 2020 00:00:00 GMT-0700 (Pacific Daylight Time),116,306
Wed Jul 22 2020 00:00:00 GMT-0700 (Pacific Daylight Time),115,307
Thu Jul 23 2020 00:00:00 GMT-0700 (Pacific Daylight Time),113,311
Fri Jul 24 2020 00:00:00 GMT-0700 (Pacific Daylight Time),114,310
Sat Jul 25 2020 00:00:00 GMT-0700 (Pacific Daylight Time),114,310
Sun Jul 26 2020 00:00:00 GMT-0700 (Pacific Daylight Time),114,313
Mon Jul 27 2020 00:00:00 GMT-0700 (Pacific Daylight Time),114,312
Tue Jul 28 2020 00:00:00 GMT-0700 (Pacific Daylight Time),114,314
Wed Jul 29 2020 00:00:00 GMT-0700 (Pacific Daylight Time),114,316
Thu Jul 30 2020 00:00:00 GMT-0700 (Pacific Daylight Time),113,319
Fri Jul 31 2020 00:00:00 GMT-0700 (Pacific Daylight Time),115,321
Sat Aug 01 2020 00:00:00 GMT-0700 (Pacific Daylight Time),116,319
Sun Aug 02 2020 00:00:00 GMT-0700 (Pacific Daylight Time),112,317
Mon Aug 03 2020 00:00:00 GMT-0700 (Pacific Daylight Time),112,316
Tue Aug 04 2020 00:00:00 GMT-0700 (Pacific Daylight Time),111,314
Wed Aug 05 2020 00:00:00 GMT-0700 (Pacific Daylight Time),111,313
Thu Aug 06 2020 00:00:00 GMT-0700 (Pacific Daylight Time),111,312
Fri Aug 07 2020 00:00:00 GMT-0700 (Pacific Daylight Time),111,311
Sat Aug 08 2020 00:00:00 GMT-0700 (Pacific Daylight Time),114,311
Sun Aug 09 2020 00:00:00 GMT-0700 (Pacific Daylight Time),115,314
Mon Aug 10 2020 00:00:00 GMT-0700 (Pacific Daylight Time),112,315
Tue Aug 11 2020 00:00:00 GMT-0700 (Pacific Daylight Time),111,315
Wed Aug 12 2020 00:00:00 GMT-0700 (Pacific Daylight Time),111,312
Thu Aug 13 2020 00:00:00 GMT-0700 (Pacific Daylight Time),111,310
Fri Aug 14 2020 00:00:00 GMT-0700 (Pacific Daylight Time),111,310
Sat Aug 15 2020 00:00:00 GMT-0700 (Pacific Daylight Time),110,310
Sun Aug 16 2020 00:00:00 GMT-0700 (Pacific Daylight Time),110,311
Mon Aug 17 2020 00:00:00 GMT-0700 (Pacific Daylight Time),110,307
Tue Aug 18 2020 00:00:00 GMT-0700 (Pacific Daylight Time),109,302
Wed Aug 19 2020 00:00:00 GMT-0700 (Pacific Daylight Time),108,298
Thu Aug 20 2020 00:00:00 GMT-0700 (Pacific Daylight Time),106,289
Fri Aug 21 2020 00:00:00 GMT-0700 (Pacific Daylight Time),106,289
Sat Aug 22 2020 00:00:00 GMT-0700 (Pacific Daylight Time),106,290
Sun Aug 23 2020 00:00:00 GMT-0700 (Pacific Daylight Time),106,293
Mon Aug 24 2020 00:00:00 GMT-0700 (Pacific Daylight Time),106,291
Tue Aug 25 2020 00:00:00 GMT-0700 (Pacific Daylight Time),106,291
Wed Aug 26 2020 00:00:00 GMT-0700 (Pacific Daylight Time),106,290
Thu Aug 27 2020 00:00:00 GMT-0700 (Pacific Daylight Time),106,287
Fri Aug 28 2020 00:00:00 GMT-0700 (Pacific Daylight Time),105,279
Sat Aug 29 2020 00:00:00 GMT-0700 (Pacific Daylight Time),106,280
Sun Aug 30 2020 00:00:00 GMT-0700 (Pacific Daylight Time),105,276
Tue Sep 01 2020 00:00:00 GMT-0700 (Pacific Daylight Time),106,272
Wed Sep 02 2020 00:00:00 GMT-0700 (Pacific Daylight Time),105,274
Thu Sep 03 2020 00:00:00 GMT-0700 (Pacific Daylight Time),104,276
Fri Sep 04 2020 00:00:00 GMT-0700 (Pacific Daylight Time),104,278
Sat Sep 05 2020 00:00:00 GMT-0700 (Pacific Daylight Time),103,277
Sun Sep 06 2020 00:00:00 GMT-0700 (Pacific Daylight Time),106,279
Mon Sep 07 2020 00:00:00 GMT-0700 (Pacific Daylight Time),102,278
Tue Sep 08 2020 00:00:00 GMT-0700 (Pacific Daylight Time),102,277
Wed Sep 09 2020 00:00:00 GMT-0700 (Pacific Daylight Time),103,278
Thu Sep 10 2020 00:00:00 GMT-0700 (Pacific Daylight Time),100,281
Fri Sep 11 2020 00:00:00 GMT-0700 (Pacific Daylight Time),103,281
Sat Sep 12 2020 00:00:00 GMT-0700 (Pacific Daylight Time),103,281
Sun Sep 13 2020 00:00:00 GMT-0700 (Pacific Daylight Time),103,281
Mon Sep 14 2020 00:00:00 GMT-0700 (Pacific Daylight Time),103,284
Tue Sep 15 2020 00:00:00 GMT-0700 (Pacific Daylight Time),102,281
Wed Sep 16 2020 00:00:00 GMT-0700 (Pacific Daylight Time),107,286
Thu Sep 17 2020 00:00:00 GMT-0700 (Pacific Daylight Time),108,284
Fri Sep 18 2020 00:00:00 GMT-0700 (Pacific Daylight Time),108,290
Sat Sep 19 2020 00:00:00 GMT-0700 (Pacific Daylight Time),106,290
Sun Sep 20 2020 00:00:00 GMT-0700 (Pacific Daylight Time),108,290
Mon Sep 21 2020 00:00:00 GMT-0700 (Pacific Daylight Time),108,290
Tue Sep 22 2020 00:00:00 GMT-0700 (Pacific Daylight Time),108,294
Wed Sep 23 2020 00:00:00 GMT-0700 (Pacific Daylight Time),108,297
Thu Sep 24 2020 00:00:00 GMT-0700 (Pacific Daylight Time),109,305
Fri Sep 25 2020 00:00:00 GMT-0700 (Pacific Daylight Time),108,309
Sat Sep 26 2020 00:00:00 GMT-0700 (Pacific Daylight Time),107,313
Sun Sep 27 2020 00:00:00 GMT-0700 (Pacific Daylight Time),109,316
Mon Sep 28 2020 00:00:00 GMT-0700 (Pacific Daylight Time),105,322
Tue Sep 29 2020 00:00:00 GMT-0700 (Pacific Daylight Time),102,327
Wed Sep 30 2020 00:00:00 GMT-0700 (Pacific Daylight Time),102,329
Thu Oct 01 2020 00:00:00 GMT-0700 (Pacific Daylight Time),102,335
Fri Oct 02 2020 00:00:00 GMT-0700 (Pacific Daylight Time),103,332
Sat Oct 03 2020 00:00:00 GMT-0700 (Pacific Daylight Time),103,337
Sun Oct 04 2020 00:00:00 GMT-0700 (Pacific Daylight Time),103,339
Mon Oct 05 2020 00:00:00 GMT-0700 (Pacific Daylight Time),105,344
Tue Oct 06 2020 00:00:00 GMT-0700 (Pacific Daylight Time),105,346
Wed Oct 07 2020 00:00:00 GMT-0700 (Pacific Daylight Time),107,353
Thu Oct 08 2020 00:00:00 GMT-0700 (Pacific Daylight Time),106,353
Fri Oct 09 2020 00:00:00 GMT-0700 (Pacific Daylight Time),106,359
Sat Oct 10 2020 00:00:00 GMT-0700 (Pacific Daylight Time),105,356
Sun Oct 11 2020 00:00:00 GMT-0700 (Pacific Daylight Time),103,357
Mon Oct 12 2020 00:00:00 GMT-0700 (Pacific Daylight Time),103,356
Tue Oct 13 2020 00:00:00 GMT-0700 (Pacific Daylight Time),104,357
Wed Oct 14 2020 00:00:00 GMT-0700 (Pacific Daylight Time),104,353
Thu Oct 15 2020 00:00:00 GMT-0700 (Pacific Daylight Time),103,353
Fri Oct 16 2020 00:00:00 GMT-0700 (Pacific Daylight Time),103,356
Sat Oct 17 2020 00:00:00 GMT-0700 (Pacific Daylight Time),104,355
Sun Oct 18 2020 00:00:00 GMT-0700 (Pacific Daylight Time),106,358
Mon Oct 19 2020 00:00:00 GMT-0700 (Pacific Daylight Time),109,356
Tue Oct 20 2020 00:00:00 GMT-0700 (Pacific Daylight Time),111,355
Wed Oct 21 2020 00:00:00 GMT-0700 (Pacific Daylight Time),114,355
Thu Oct 22 2020 00:00:00 GMT-0700 (Pacific Daylight Time),114,351
Fri Oct 23 2020 00:00:00 GMT-0700 (Pacific Daylight Time),118,352
Sat Oct 24 2020 00:00:00 GMT-0700 (Pacific Daylight Time),118,351
Sun Oct 25 2020 00:00:00 GMT-0700 (Pacific Daylight Time),121,357
Mon Oct 26 2020 00:00:00 GMT-0700 (Pacific Daylight Time),123,360
Tue Oct 27 2020 00:00:00 GMT-0700 (Pacific Daylight Time),124,361
Wed Oct 28 2020 00:00:00 GMT-0700 (Pacific Daylight Time),126,361
Thu Oct 29 2020 00:00:00 GMT-0700 (Pacific Daylight Time),126,365
Fri Oct 30 2020 00:00:00 GMT-0700 (Pacific Daylight Time),126,370
Sat Oct 31 2020 00:00:00 GMT-0700 (Pacific Daylight Time),126,366
Sun Nov 01 2020 00:00:00 GMT-0700 (Pacific Daylight Time),126,372
Mon Nov 02 2020 00:00:00 GMT-0800 (Pacific Standard Time),129,373
Tue Nov 03 2020 00:00:00 GMT-0800 (Pacific Standard Time),130,374
Wed Nov 04 2020 00:00:00 GMT-0800 (Pacific Standard Time),128,373
Thu Nov 05 2020 00:00:00 GMT-0800 (Pacific Standard Time),129,376
Fri Nov 06 2020 00:00:00 GMT-0800 (Pacific Standard Time),130,374
Sat Nov 07 2020 00:00:00 GMT-0800 (Pacific Standard Time),130,378
Sun Nov 08 2020 00:00:00 GMT-0800 (Pacific Standard Time),129,379
Mon Nov 09 2020 00:00:00 GMT-0800 (Pacific Standard Time),129,379
Tue Nov 10 2020 00:00:00 GMT-0800 (Pacific Standard Time),128,383
Wed Nov 11 2020 00:00:00 GMT-0800 (Pacific Standard Time),129,387
Thu Nov 12 2020 00:00:00 GMT-0800 (Pacific Standard Time),131,390
Fri Nov 13 2020 00:00:00 GMT-0800 (Pacific Standard Time),135,391
Sat Nov 14 2020 00:00:00 GMT-0800 (Pacific Standard Time),135,384
Sun Nov 15 2020 00:00:00 GMT-0800 (Pacific Standard Time),137,389
Mon Nov 16 2020 00:00:00 GMT-0800 (Pacific Standard Time),139,394
Tue Nov 17 2020 00:00:00 GMT-0800 (Pacific Standard Time),141,393
Wed Nov 18 2020 00:00:00 GMT-0800 (Pacific Standard Time),140,395
Thu Nov 19 2020 00:00:00 GMT-0800 (Pacific Standard Time),140,397
Fri Nov 20 2020 00:00:00 GMT-0800 (Pacific Standard Time),139,404
Sat Nov 21 2020 00:00:00 GMT-0800 (Pacific Standard Time),141,407
Sun Nov 22 2020 00:00:00 GMT-0800 (Pacific Standard Time),143,403
Mon Nov 23 2020 00:00:00 GMT-0800 (Pacific Standard Time),142,408
Tue Nov 24 2020 00:00:00 GMT-0800 (Pacific Standard Time),144,417
Wed Nov 25 2020 00:00:00 GMT-0800 (Pacific Standard Time),142,418
Thu Nov 26 2020 00:00:00 GMT-0800 (Pacific Standard Time),143,421
Fri Nov 27 2020 00:00:00 GMT-0800 (Pacific Standard Time),143,424
Sat Nov 28 2020 00:00:00 GMT-0800 (Pacific Standard Time),142,418
Sun Nov 29 2020 00:00:00 GMT-0800 (Pacific Standard Time),144,419
Mon Nov 30 2020 00:00:00 GMT-0800 (Pacific Standard Time),145,418
Tue Dec 01 2020 00:00:00 GMT-0800 (Pacific Standard Time),146,418
Wed Dec 02 2020 00:00:00 GMT-0800 (Pacific Standard Time),148,414
Thu Dec 03 2020 00:00:00 GMT-0800 (Pacific Standard Time),151,417
Fri Dec 04 2020 00:00:00 GMT-0800 (Pacific Standard Time),153,419
Sat Dec 05 2020 00:00:00 GMT-0800 (Pacific Standard Time),153,415
Sun Dec 06 2020 00:00:00 GMT-0800 (Pacific Standard Time),154,414
Mon Dec 07 2020 00:00:00 GMT-0800 (Pacific Standard Time),157,417
Tue Dec 08 2020 00:00:00 GMT-0800 (Pacific Standard Time),157,423
Wed Dec 09 2020 00:00:00 GMT-0800 (Pacific Standard Time),158,426
Thu Dec 10 2020 00:00:00 GMT-0800 (Pacific Standard Time),161,428
Fri Dec 11 2020 00:00:00 GMT-0800 (Pacific Standard Time),159,431
Sat Dec 12 2020 00:00:00 GMT-0800 (Pacific Standard Time),160,430
Sun Dec 13 2020 00:00:00 GMT-0800 (Pacific Standard Time),160,433
Mon Dec 14 2020 00:00:00 GMT-0800 (Pacific Standard Time),160,430
Tue Dec 15 2020 00:00:00 GMT-0800 (Pacific Standard Time),158,426
Wed Dec 16 2020 00:00:00 GMT-0800 (Pacific Standard Time),159,418
Thu Dec 17 2020 00:00:00 GMT-0800 (Pacific Standard Time),160,417
Fri Dec 18 2020 00:00:00 GMT-0800 (Pacific Standard Time),156,399
Sat Dec 19 2020 00:00:00 GMT-0800 (Pacific Standard Time),156,397
Sun Dec 20 2020 00:00:00 GMT-0800 (Pacific Standard Time),156,398
Mon Dec 21 2020 00:00:00 GMT-0800 (Pacific Standard Time),155,395
Tue Dec 22 2020 00:00:00 GMT-0800 (Pacific Standard Time),154,390
Wed Dec 23 2020 00:00:00 GMT-0800 (Pacific Standard Time),155,390
Thu Dec 24 2020 00:00:00 GMT-0800 (Pacific Standard Time),154,384
Fri Dec 25 2020 00:00:00 GMT-0800 (Pacific Standard Time),154,383
Sat Dec 26 2020 00:00:00 GMT-0800 (Pacific Standard Time),155,387
Sun Dec 27 2020 00:00:00 GMT-0800 (Pacific Standard Time),156,384
Mon Dec 28 2020 00:00:00 GMT-0800 (Pacific Standard Time),157,381
Tue Dec 29 2020 00:00:00 GMT-0800 (Pacific Standard Time),157,377
Wed Dec 30 2020 00:00:00 GMT-0800 (Pacific Standard Time),155,373
Thu Dec 31 2020 00:00:00 GMT-0800 (Pacific Standard Time),153,367
Fri Jan 01 2021 00:00:00 GMT-0800 (Pacific Standard Time),151,360
Sat Jan 02 2021 00:00:00 GMT-0800 (Pacific Standard Time),150,360
Sun Jan 03 2021 00:00:00 GMT-0800 (Pacific Standard Time),151,364
Mon Jan 04 2021 00:00:00 GMT-0800 (Pacific Standard Time),152,361
Tue Jan 05 2021 00:00:00 GMT-0800 (Pacific Standard Time),152,357
Wed Jan 06 2021 00:00:00 GMT-0800 (Pacific Standard Time),151,360
Thu Jan 07 2021 00:00:00 GMT-0800 (Pacific Standard Time),152,360
Fri Jan 08 2021 00:00:00 GMT-0800 (Pacific Standard Time),152,360
Sat Jan 09 2021 00:00:00 GMT-0800 (Pacific Standard Time),150,354
Sun Jan 10 2021 00:00:00 GMT-0800 (Pacific Standard Time),152,354
Mon Jan 11 2021 00:00:00 GMT-0800 (Pacific Standard Time),153,357
Tue Jan 12 2021 00:00:00 GMT-0800 (Pacific Standard Time),155,364
Wed Jan 13 2021 00:00:00 GMT-0800 (Pacific Standard Time),155,364
Thu Jan 14 2021 00:00:00 GMT-0800 (Pacific Standard Time),151,363
Fri Jan 15 2021 00:00:00 GMT-0800 (Pacific Standard Time),150,363
Sat Jan 16 2021 00:00:00 GMT-0800 (Pacific Standard Time),146,354
Sun Jan 17 2021 00:00:00 GMT-0800 (Pacific Standard Time),145,353
Mon Jan 18 2021 00:00:00 GMT-0800 (Pacific Standard Time),145,355
Tue Jan 19 2021 00:00:00 GMT-0800 (Pacific Standard Time),145,356
Wed Jan 20 2021 00:00:00 GMT-0800 (Pacific Standard Time),142,356
Thu Jan 21 2021 00:00:00 GMT-0800 (Pacific Standard Time),142,359
Fri Jan 22 2021 00:00:00 GMT-0800 (Pacific Standard Time),143,364
Sat Jan 23 2021 00:00:00 GMT-0800 (Pacific Standard Time),142,360
Sun Jan 24 2021 00:00:00 GMT-0800 (Pacific Standard Time),143,362
Mon Jan 25 2021 00:00:00 GMT-0800 (Pacific Standard Time),144,374
Tue Jan 26 2021 00:00:00 GMT-0800 (Pacific Standard Time),144,374
Wed Jan 27 2021 00:00:00 GMT-0800 (Pacific Standard Time),148,377
Thu Jan 28 2021 00:00:00 GMT-0800 (Pacific Standard Time),149,383
Fri Jan 29 2021 00:00:00 GMT-0800 (Pacific Standard Time),149,389
Sat Jan 30 2021 00:00:00 GMT-0800 (Pacific Standard Time),153,393
Sun Jan 31 2021 00:00:00 GMT-0800 (Pacific Standard Time),151,386
Mon Feb 01 2021 00:00:00 GMT-0800 (Pacific Standard Time),150,387
Tue Feb 02 2021 00:00:00 GMT-0800 (Pacific Standard Time),141,390
Wed Feb 03 2021 00:00:00 GMT-0800 (Pacific Standard Time),138,392
Thu Feb 04 2021 00:00:00 GMT-0800 (Pacific Standard Time),137,385
Fri Feb 05 2021 00:00:00 GMT-0800 (Pacific Standard Time),137,380
Sat Feb 06 2021 00:00:00 GMT-0800 (Pacific Standard Time),130,380
Sun Feb 07 2021 00:00:00 GMT-0800 (Pacific Standard Time),130,385
Mon Feb 08 2021 00:00:00 GMT-0800 (Pacific Standard Time),133,393
Tue Feb 09 2021 00:00:00 GMT-0800 (Pacific Standard Time),132,387
Wed Feb 10 2021 00:00:00 GMT-0800 (Pacific Standard Time),131,385
Thu Feb 11 2021 00:00:00 GMT-0800 (Pacific Standard Time),133,387
Fri Feb 12 2021 00:00:00 GMT-0800 (Pacific Standard Time),135,388
Sat Feb 13 2021 00:00:00 GMT-0800 (Pacific Standard Time),135,389
Sun Feb 14 2021 00:00:00 GMT-0800 (Pacific Standard Time),134,391
Mon Feb 15 2021 00:00:00 GMT-0800 (Pacific Standard Time),134,384
Tue Feb 16 2021 00:00:00 GMT-0800 (Pacific Standard Time),134,384
Wed Feb 17 2021 00:00:00 GMT-0800 (Pacific Standard Time),132,382
Thu Feb 18 2021 00:00:00 GMT-0800 (Pacific Standard Time),133,384
Fri Feb 19 2021 00:00:00 GMT-0800 (Pacific Standard Time),130,381
Sat Feb 20 2021 00:00:00 GMT-0800 (Pacific Standard Time),129,379
Sun Feb 21 2021 00:00:00 GMT-0800 (Pacific Standard Time),129,378
Mon Feb 22 2021 00:00:00 GMT-0800 (Pacific Standard Time),130,381
Tue Feb 23 2021 00:00:00 GMT-0800 (Pacific Standard Time),131,378
Wed Feb 24 2021 00:00:00 GMT-0800 (Pacific Standard Time),132,381
Thu Feb 25 2021 00:00:00 GMT-0800 (Pacific Standard Time),132,379
Fri Feb 26 2021 00:00:00 GMT-0800 (Pacific Standard Time),131,372
Sat Feb 27 2021 00:00:00 GMT-0800 (Pacific Standard Time),131,374
Sun Feb 28 2021 00:00:00 GMT-0800 (Pacific Standard Time),132,376
Mon Mar 01 2021 00:00:00 GMT-0800 (Pacific Standard Time),130,371
Tue Mar 02 2021 00:00:00 GMT-0800 (Pacific Standard Time),130,363
Wed Mar 03 2021 00:00:00 GMT-0800 (Pacific Standard Time),130,357
Thu Mar 04 2021 00:00:00 GMT-0800 (Pacific Standard Time),129,358
Fri Mar 05 2021 00:00:00 GMT-0800 (Pacific Standard Time),128,358
Sat Mar 06 2021 00:00:00 GMT-0800 (Pacific Standard Time),129,358
Sun Mar 07 2021 00:00:00 GMT-0800 (Pacific Standard Time),130,358
Mon Mar 08 2021 00:00:00 GMT-0800 (Pacific Standard Time),130,354
Tue Mar 09 2021 00:00:00 GMT-0800 (Pacific Standard Time),131,355
Wed Mar 10 2021 00:00:00 GMT-0800 (Pacific Standard Time),132,349
Thu Mar 11 2021 00:00:00 GMT-0800 (Pacific Standard Time),133,357
Fri Mar 12 2021 00:00:00 GMT-0800 (Pacific Standard Time),134,361
Sat Mar 13 2021 00:00:00 GMT-0800 (Pacific Standard Time),134,359
Sun Mar 14 2021 00:00:00 GMT-0800 (Pacific Standard Time),135,362
Mon Mar 15 2021 00:00:00 GMT-0700 (Pacific Daylight Time),137,365
Tue Mar 16 2021 00:00:00 GMT-0700 (Pacific Daylight Time),139,370
Wed Mar 17 2021 00:00:00 GMT-0700 (Pacific Daylight Time),138,372
Thu Mar 18 2021 00:00:00 GMT-0700 (Pacific Daylight Time),138,374
Fri Mar 19 2021 00:00:00 GMT-0700 (Pacific Daylight Time),139,375
Sat Mar 20 2021 00:00:00 GMT-0700 (Pacific Daylight Time),137,367
Sun Mar 21 2021 00:00:00 GMT-0700 (Pacific Daylight Time),137,368
Mon Mar 22 2021 00:00:00 GMT-0700 (Pacific Daylight Time),136,362
Tue Mar 23 2021 00:00:00 GMT-0700 (Pacific Daylight Time),133,359
Wed Mar 24 2021 00:00:00 GMT-0700 (Pacific Daylight Time),136,354
Thu Mar 25 2021 00:00:00 GMT-0700 (Pacific Daylight Time),135,357
Fri Mar 26 2021 00:00:00 GMT-0700 (Pacific Daylight Time),136,358
Sat Mar 27 2021 00:00:00 GMT-0700 (Pacific Daylight Time),134,354
Sun Mar 28 2021 00:00:00 GMT-0700 (Pacific Daylight Time),134,359
Mon Mar 29 2021 00:00:00 GMT-0700 (Pacific Daylight Time),134,356
Tue Mar 30 2021 00:00:00 GMT-0700 (Pacific Daylight Time),134,359
Wed Mar 31 2021 00:00:00 GMT-0700 (Pacific Daylight Time),131,354
Thu Apr 01 2021 00:00:00 GMT-0700 (Pacific Daylight Time),132,356
Fri Apr 02 2021 00:00:00 GMT-0700 (Pacific Daylight Time),132,356
Sat Apr 03 2021 00:00:00 GMT-0700 (Pacific Daylight Time),133,356
Sun Apr 04 2021 00:00:00 GMT-0700 (Pacific Daylight Time),131,351
Mon Apr 05 2021 00:00:00 GMT-0700 (Pacific Daylight Time),131,353
Tue Apr 06 2021 00:00:00 GMT-0700 (Pacific Daylight Time),127,354
Wed Apr 07 2021 00:00:00 GMT-0700 (Pacific Daylight Time),136,352
Thu Apr 08 2021 00:00:00 GMT-0700 (Pacific Daylight Time),136,349
Fri Apr 09 2021 00:00:00 GMT-0700 (Pacific Daylight Time),136,352
Sat Apr 10 2021 00:00:00 GMT-0700 (Pacific Daylight Time),135,346
Sun Apr 11 2021 00:00:00 GMT-0700 (Pacific Daylight Time),135,348
Mon Apr 12 2021 00:00:00 GMT-0700 (Pacific Daylight Time),137,350
Tue Apr 13 2021 00:00:00 GMT-0700 (Pacific Daylight Time),137,341
Wed Apr 14 2021 00:00:00 GMT-0700 (Pacific Daylight Time),137,337
Thu Apr 15 2021 00:00:00 GMT-0700 (Pacific Daylight Time),137,331
Fri Apr 16 2021 00:00:00 GMT-0700 (Pacific Daylight Time),135,328
Sat Apr 17 2021 00:00:00 GMT-0700 (Pacific Daylight Time),136,326
Sun Apr 18 2021 00:00:00 GMT-0700 (Pacific Daylight Time),136,324
Mon Apr 19 2021 00:00:00 GMT-0700 (Pacific Daylight Time),136,324
Tue Apr 20 2021 00:00:00 GMT-0700 (Pacific Daylight Time),135,323
Wed Apr 21 2021 00:00:00 GMT-0700 (Pacific Daylight Time),135,322
Thu Apr 22 2021 00:00:00 GMT-0700 (Pacific Daylight Time),134,320
Fri Apr 23 2021 00:00:00 GMT-0700 (Pacific Daylight Time),133,319
Sat Apr 24 2021 00:00:00 GMT-0700 (Pacific Daylight Time),132,320
Sun Apr 25 2021 00:00:00 GMT-0700 (Pacific Daylight Time),128,314
Mon Apr 26 2021 00:00:00 GMT-0700 (Pacific Daylight Time),129,309
Tue Apr 27 2021 00:00:00 GMT-0700 (Pacific Daylight Time),130,308
Wed Apr 28 2021 00:00:00 GMT-0700 (Pacific Daylight Time),130,307
Thu Apr 29 2021 00:00:00 GMT-0700 (Pacific Daylight Time),130,310
Fri Apr 30 2021 00:00:00 GMT-0700 (Pacific Daylight Time),133,318
Sat May 01 2021 00:00:00 GMT-0700 (Pacific Daylight Time),132,316
Sun May 02 2021 00:00:00 GMT-0700 (Pacific Daylight Time),130,317
Mon May 03 2021 00:00:00 GMT-0700 (Pacific Daylight Time),132,315
Tue May 04 2021 00:00:00 GMT-0700 (Pacific Daylight Time),130,318
Wed May 05 2021 00:00:00 GMT-0700 (Pacific Daylight Time),129,320
Thu May 06 2021 00:00:00 GMT-0700 (Pacific Daylight Time),128,323
Fri May 07 2021 00:00:00 GMT-0700 (Pacific Daylight Time),129,319
Sat May 08 2021 00:00:00 GMT-0700 (Pacific Daylight Time),132,327
Sun May 09 2021 00:00:00 GMT-0700 (Pacific Daylight Time),132,330
Mon May 10 2021 00:00:00 GMT-0700 (Pacific Daylight Time),132,340
Tue May 11 2021 00:00:00 GMT-0700 (Pacific Daylight Time),133,343
Wed May 12 2021 00:00:00 GMT-0700 (Pacific Daylight Time),131,355
Thu May 13 2021 00:00:00 GMT-0700 (Pacific Daylight Time),135,356
Fri May 14 2021 00:00:00 GMT-0700 (Pacific Daylight Time),135,360
Sat May 15 2021 00:00:00 GMT-0700 (Pacific Daylight Time),135,361
Sun May 16 2021 00:00:00 GMT-0700 (Pacific Daylight Time),137,365
Mon May 17 2021 00:00:00 GMT-0700 (Pacific Daylight Time),139,371
Tue May 18 2021 00:00:00 GMT-0700 (Pacific Daylight Time),140,372
Wed May 19 2021 00:00:00 GMT-0700 (Pacific Daylight Time),144,366
Thu May 20 2021 00:00:00 GMT-0700 (Pacific Daylight Time),143,369
Fri May 21 2021 00:00:00 GMT-0700 (Pacific Daylight Time),146,375
Sat May 22 2021 00:00:00 GMT-0700 (Pacific Daylight Time),145,374
Sun May 23 2021 00:00:00 GMT-0700 (Pacific Daylight Time),146,373
Mon May 24 2021 00:00:00 GMT-0700 (Pacific Daylight Time),147,374
Tue May 25 2021 00:00:00 GMT-0700 (Pacific Daylight Time),147,375
Wed May 26 2021 00:00:00 GMT-0700 (Pacific Daylight Time),147,370
Thu May 27 2021 00:00:00 GMT-0700 (Pacific Daylight Time),147,365
Fri May 28 2021 00:00:00 GMT-0700 (Pacific Daylight Time),147,360
Sat May 29 2021 00:00:00 GMT-0700 (Pacific Daylight Time),142,361
Sun May 30 2021 00:00:00 GMT-0700 (Pacific Daylight Time),142,359
Mon May 31 2021 00:00:00 GMT-0700 (Pacific Daylight Time),142,365
Tue Jun 01 2021 00:00:00 GMT-0700 (Pacific Daylight Time),143,363
Wed Jun 02 2021 00:00:00 GMT-0700 (Pacific Daylight Time),142,364
Thu Jun 03 2021 00:00:00 GMT-0700 (Pacific Daylight Time),143,364
Fri Jun 04 2021 00:00:00 GMT-0700 (Pacific Daylight Time),137,360
Sat Jun 05 2021 00:00:00 GMT-0700 (Pacific Daylight Time),135,358
Sun Jun 06 2021 00:00:00 GMT-0700 (Pacific Daylight Time),133,354
Mon Jun 07 2021 00:00:00 GMT-0700 (Pacific Daylight Time),133,353
Tue Jun 08 2021 00:00:00 GMT-0700 (Pacific Daylight Time),134,350
Wed Jun 09 2021 00:00:00 GMT-0700 (Pacific Daylight Time),134,344
Thu Jun 10 2021 00:00:00 GMT-0700 (Pacific Daylight Time),134,342
Fri Jun 11 2021 00:00:00 GMT-0700 (Pacific Daylight Time),135,340
Sat Jun 12 2021 00:00:00 GMT-0700 (Pacific Daylight Time),134,338
Sun Jun 13 2021 00:00:00 GMT-0700 (Pacific Daylight Time),133,338
Mon Jun 14 2021 00:00:00 GMT-0700 (Pacific Daylight Time),133,341
Tue Jun 15 2021 00:00:00 GMT-0700 (Pacific Daylight Time),133,346
Wed Jun 16 2021 00:00:00 GMT-0700 (Pacific Daylight Time),132,344
Thu Jun 17 2021 00:00:00 GMT-0700 (Pacific Daylight Time),131,338
Fri Jun 18 2021 00:00:00 GMT-0700 (Pacific Daylight Time),132,333
Sat Jun 19 2021 00:00:00 GMT-0700 (Pacific Daylight Time),134,331
Sun Jun 20 2021 00:00:00 GMT-0700 (Pacific Daylight Time),135,330
Mon Jun 21 2021 00:00:00 GMT-0700 (Pacific Daylight Time),136,330
Tue Jun 22 2021 00:00:00 GMT-0700 (Pacific Daylight Time),135,329
Wed Jun 23 2021 00:00:00 GMT-0700 (Pacific Daylight Time),134,329
Thu Jun 24 2021 00:00:00 GMT-0700 (Pacific Daylight Time),132,334
Fri Jun 25 2021 00:00:00 GMT-0700 (Pacific Daylight Time),132,333
Sat Jun 26 2021 00:00:00 GMT-0700 (Pacific Daylight Time),132,330
Sun Jun 27 2021 00:00:00 GMT-0700 (Pacific Daylight Time),132,326
Mon Jun 28 2021 00:00:00 GMT-0700 (Pacific Daylight Time),133,323
Tue Jun 29 2021 00:00:00 GMT-0700 (Pacific Daylight Time),132,318
Wed Jun 30 2021 00:00:00 GMT-0700 (Pacific Daylight Time),132,316
Thu Jul 01 2021 00:00:00 GMT-0700 (Pacific Daylight Time),132,310
Fri Jul 02 2021 00:00:00 GMT-0700 (Pacific Daylight Time),131,311
Sat Jul 03 2021 00:00:00 GMT-0700 (Pacific Daylight Time),130,305
Sun Jul 04 2021 00:00:00 GMT-0700 (Pacific Daylight Time),130,304
Mon Jul 05 2021 00:00:00 GMT-0700 (Pacific Daylight Time),129,301
Tue Jul 06 2021 00:00:00 GMT-0700 (Pacific Daylight Time),127,294
Wed Jul 07 2021 00:00:00 GMT-0700 (Pacific Daylight Time),127,292
Thu Jul 08 2021 00:00:00 GMT-0700 (Pacific Daylight Time),127,291
Fri Jul 09 2021 00:00:00 GMT-0700 (Pacific Daylight Time),125,290
Sat Jul 10 2021 00:00:00 GMT-0700 (Pacific Daylight Time),125,287
Sun Jul 11 2021 00:00:00 GMT-0700 (Pacific Daylight Time),122,281
Mon Jul 12 2021 00:00:00 GMT-0700 (Pacific Daylight Time),122,280
Tue Jul 13 2021 00:00:00 GMT-0700 (Pacific Daylight Time),122,281
Wed Jul 14 2021 00:00:00 GMT-0700 (Pacific Daylight Time),121,281
Thu Jul 15 2021 00:00:00 GMT-0700 (Pacific Daylight Time),120,279
Fri Jul 16 2021 00:00:00 GMT-0700 (Pacific Daylight Time),120,278
Sun Jul 18 2021 00:00:00 GMT-0700 (Pacific Daylight Time),118,273
Mon Jul 19 2021 00:00:00 GMT-0700 (Pacific Daylight Time),117,273
Tue Jul 20 2021 00:00:00 GMT-0700 (Pacific Daylight Time),117,274
Wed Jul 21 2021 00:00:00 GMT-0700 (Pacific Daylight Time),117,273
Thu Jul 22 2021 00:00:00 GMT-0700 (Pacific Daylight Time),118,274
Fri Jul 23 2021 00:00:00 GMT-0700 (Pacific Daylight Time),119,273
Sat Jul 24 2021 00:00:00 GMT-0700 (Pacific Daylight Time),115,272
Sun Jul 25 2021 00:00:00 GMT-0700 (Pacific Daylight Time),116,274
Mon Jul 26 2021 00:00:00 GMT-0700 (Pacific Daylight Time),116,275
Tue Jul 27 2021 00:00:00 GMT-0700 (Pacific Daylight Time),116,271
Wed Jul 28 2021 00:00:00 GMT-0700 (Pacific Daylight Time),116,269
Thu Jul 29 2021 00:00:00 GMT-0700 (Pacific Daylight Time),115,268
Fri Jul 30 2021 00:00:00 GMT-0700 (Pacific Daylight Time),113,265
Sat Jul 31 2021 00:00:00 GMT-0700 (Pacific Daylight Time),112,266
Sun Aug 01 2021 00:00:00 GMT-0700 (Pacific Daylight Time),113,265
Mon Aug 02 2021 00:00:00 GMT-0700 (Pacific Daylight Time),113,265
Tue Aug 03 2021 00:00:00 GMT-0700 (Pacific Daylight Time),113,265
Wed Aug 04 2021 00:00:00 GMT-0700 (Pacific Daylight Time),111,263
Thu Aug 05 2021 00:00:00 GMT-0700 (Pacific Daylight Time),110,261
Fri Aug 06 2021 00:00:00 GMT-0700 (Pacific Daylight Time),109,262
Sat Aug 07 2021 00:00:00 GMT-0700 (Pacific Daylight Time),110,263
Sun Aug 08 2021 00:00:00 GMT-0700 (Pacific Daylight Time),110,263
Mon Aug 09 2021 00:00:00 GMT-0700 (Pacific Daylight Time),109,261
Tue Aug 10 2021 00:00:00 GMT-0700 (Pacific Daylight Time),109,258
Wed Aug 11 2021 00:00:00 GMT-0700 (Pacific Daylight Time),109,258
Thu Aug 12 2021 00:00:00 GMT-0700 (Pacific Daylight Time),111,260
Fri Aug 13 2021 00:00:00 GMT-0700 (Pacific Daylight Time),110,257
Sat Aug 14 2021 00:00:00 GMT-0700 (Pacific Daylight Time),110,258
Sun Aug 15 2021 00:00:00 GMT-0700 (Pacific Daylight Time),111,256
Mon Aug 16 2021 00:00:00 GMT-0700 (Pacific Daylight Time),111,255
Tue Aug 17 2021 00:00:00 GMT-0700 (Pacific Daylight Time),111,254
Wed Aug 18 2021 00:00:00 GMT-0700 (Pacific Daylight Time),111,255
Thu Aug 19 2021 00:00:00 GMT-0700 (Pacific Daylight Time),111,254
Fri Aug 20 2021 00:00:00 GMT-0700 (Pacific Daylight Time),111,255
Sat Aug 21 2021 00:00:00 GMT-0700 (Pacific Daylight Time),113,256
Sun Aug 22 2021 00:00:00 GMT-0700 (Pacific Daylight Time),113,259
Mon Aug 23 2021 00:00:00 GMT-0700 (Pacific Daylight Time),113,262
Tue Aug 24 2021 00:00:00 GMT-0700 (Pacific Daylight Time),114,268
Wed Aug 25 2021 00:00:00 GMT-0700 (Pacific Daylight Time),114,271
Thu Aug 26 2021 00:00:00 GMT-0700 (Pacific Daylight Time),116,273
Fri Aug 27 2021 00:00:00 GMT-0700 (Pacific Daylight Time),100,271
Sat Aug 28 2021 00:00:00 GMT-0700 (Pacific Daylight Time),99,265
Sun Aug 29 2021 00:00:00 GMT-0700 (Pacific Daylight Time),102,269
Mon Aug 30 2021 00:00:00 GMT-0700 (Pacific Daylight Time),100,267
Tue Aug 31 2021 00:00:00 GMT-0700 (Pacific Daylight Time),103,268
Wed Sep 01 2021 00:00:00 GMT-0700 (Pacific Daylight Time),104,270
Thu Sep 02 2021 00:00:00 GMT-0700 (Pacific Daylight Time),103,273
Fri Sep 03 2021 00:00:00 GMT-0700 (Pacific Daylight Time),103,275
Sat Sep 04 2021 00:00:00 GMT-0700 (Pacific Daylight Time),103,273
Sun Sep 05 2021 00:00:00 GMT-0700 (Pacific Daylight Time),104,273
Mon Sep 06 2021 00:00:00 GMT-0700 (Pacific Daylight Time),105,273
Tue Sep 07 2021 00:00:00 GMT-0700 (Pacific Daylight Time),106,271
Wed Sep 08 2021 00:00:00 GMT-0700 (Pacific Daylight Time),105,279
Thu Sep 09 2021 00:00:00 GMT-0700 (Pacific Daylight Time),105,286
Fri Sep 10 2021 00:00:00 GMT-0700 (Pacific Daylight Time),106,288
Sat Sep 11 2021 00:00:00 GMT-0700 (Pacific Daylight Time),105,286
Sun Sep 12 2021 00:00:00 GMT-0700 (Pacific Daylight Time),106,291
Mon Sep 13 2021 00:00:00 GMT-0700 (Pacific Daylight Time),108,293
Tue Sep 14 2021 00:00:00 GMT-0700 (Pacific Daylight Time),107,290
Wed Sep 15 2021 00:00:00 GMT-0700 (Pacific Daylight Time),105,293
Thu Sep 16 2021 00:00:00 GMT-0700 (Pacific Daylight Time),105,298
Fri Sep 17 2021 00:00:00 GMT-0700 (Pacific Daylight Time),108,299
Sat Sep 18 2021 00:00:00 GMT-0700 (Pacific Daylight Time),110,307
Sun Sep 19 2021 00:00:00 GMT-0700 (Pacific Daylight Time),109,308
Mon Sep 20 2021 00:00:00 GMT-0700 (Pacific Daylight Time),109,311
Tue Sep 21 2021 00:00:00 GMT-0700 (Pacific Daylight Time),108,310
Wed Sep 22 2021 00:00:00 GMT-0700 (Pacific Daylight Time),108,307
Thu Sep 23 2021 00:00:00 GMT-0700 (Pacific Daylight Time),109,314
Fri Sep 24 2021 00:00:00 GMT-0700 (Pacific Daylight Time),107,316
Sat Sep 25 2021 00:00:00 GMT-0700 (Pacific Daylight Time),109,319
Sun Sep 26 2021 00:00:00 GMT-0700 (Pacific Daylight Time),108,317
Mon Sep 27 2021 00:00:00 GMT-0700 (Pacific Daylight Time),109,318
Tue Sep 28 2021 00:00:00 GMT-0700 (Pacific Daylight Time),109,327
Wed Sep 29 2021 00:00:00 GMT-0700 (Pacific Daylight Time),109,326
Thu Sep 30 2021 00:00:00 GMT-0700 (Pacific Daylight Time),111,323
Fri Oct 01 2021 00:00:00 GMT-0700 (Pacific Daylight Time),107,319
Sat Oct 02 2021 00:00:00 GMT-0700 (Pacific Daylight Time),107,316
Sun Oct 03 2021 00:00:00 GMT-0700 (Pacific Daylight Time),106,315
Mon Oct 04 2021 00:00:00 GMT-0700 (Pacific Daylight Time),106,323
Tue Oct 05 2021 00:00:00 GMT-0700 (Pacific Daylight Time),107,325
Wed Oct 06 2021 00:00:00 GMT-0700 (Pacific Daylight Time),105,321
Thu Oct 07 2021 00:00:00 GMT-0700 (Pacific Daylight Time),106,324
Fri Oct 08 2021 00:00:00 GMT-0700 (Pacific Daylight Time),106,319
Sat Oct 09 2021 00:00:00 GMT-0700 (Pacific Daylight Time),103,317
Sun Oct 10 2021 00:00:00 GMT-0700 (Pacific Daylight Time),104,316
Mon Oct 11 2021 00:00:00 GMT-0700 (Pacific Daylight Time),103,320
Tue Oct 12 2021 00:00:00 GMT-0700 (Pacific Daylight Time),104,318
Wed Oct 13 2021 00:00:00 GMT-0700 (Pacific Daylight Time),99,319
Thu Oct 14 2021 00:00:00 GMT-0700 (Pacific Daylight Time),96,321
Fri Oct 15 2021 00:00:00 GMT-0700 (Pacific Daylight Time),97,318
Sat Oct 16 2021 00:00:00 GMT-0700 (Pacific Daylight Time),95,321
Sun Oct 17 2021 00:00:00 GMT-0700 (Pacific Daylight Time),93,321
Mon Oct 18 2021 00:00:00 GMT-0700 (Pacific Daylight Time),95,322
Tue Oct 19 2021 00:00:00 GMT-0700 (Pacific Daylight Time),96,324
Wed Oct 20 2021 00:00:00 GMT-0700 (Pacific Daylight Time),97,321
Thu Oct 21 2021 00:00:00 GMT-0700 (Pacific Daylight Time),96,319
Fri Oct 22 2021 00:00:00 GMT-0700 (Pacific Daylight Time),93,315
Sat Oct 23 2021 00:00:00 GMT-0700 (Pacific Daylight Time),94,320
Sun Oct 24 2021 00:00:00 GMT-0700 (Pacific Daylight Time),95,326
Mon Oct 25 2021 00:00:00 GMT-0700 (Pacific Daylight Time),95,326
Tue Oct 26 2021 00:00:00 GMT-0700 (Pacific Daylight Time),97,322
Wed Oct 27 2021 00:00:00 GMT-0700 (Pacific Daylight Time),99,332
Thu Oct 28 2021 00:00:00 GMT-0700 (Pacific Daylight Time),99,338
Fri Oct 29 2021 00:00:00 GMT-0700 (Pacific Daylight Time),101,346
Sat Oct 30 2021 00:00:00 GMT-0700 (Pacific Daylight Time),101,343
Sun Oct 31 2021 00:00:00 GMT-0700 (Pacific Daylight Time),101,339
Mon Nov 01 2021 00:00:00 GMT-0700 (Pacific Daylight Time),103,341
Tue Nov 02 2021 00:00:00 GMT-0700 (Pacific Daylight Time),105,343
Wed Nov 03 2021 00:00:00 GMT-0700 (Pacific Daylight Time),106,350
Thu Nov 04 2021 00:00:00 GMT-0700 (Pacific Daylight Time),105,350
Fri Nov 05 2021 00:00:00 GMT-0700 (Pacific Daylight Time),106,353
Sat Nov 06 2021 00:00:00 GMT-0700 (Pacific Daylight Time),107,353
